#-----------------------------------------------------------
# Vivado v2024.2 (64-bit)
# SW Build 5239630 on Fri Nov 08 22:34:34 MST 2024
# IP Build 5239520 on Sun Nov 10 16:12:51 MST 2024
# SharedData Build 5239561 on Fri Nov 08 14:39:27 MST 2024
# Start of session at: Wed Mar 11 20:15:34 2026
# Process ID         : 419061
# Current directory  : /home/audrey/Documents/convolution/Map_inflation/hardware_impl
# Command line       : vivado -mode batch -source script2.tcl
# Log file           : /home/audrey/Documents/convolution/Map_inflation/hardware_impl/vivado.log
# Journal file       : /home/audrey/Documents/convolution/Map_inflation/hardware_impl/vivado.jou
# Running On         : audrey-Precision-5520
# Platform           : Ubuntu
# Operating System   : Ubuntu 22.04.5 LTS
# Processor Detail   : Intel(R) Core(TM) i7-7820HQ CPU @ 2.90GHz
# CPU Frequency      : 3689.464 MHz
# CPU Physical cores : 4
# CPU Logical cores  : 8
# Host memory        : 16612 MB
# Swap memory        : 2147 MB
# Total Virtual      : 18760 MB
# Available Virtual  : 11319 MB
#-----------------------------------------------------------
source script2.tcl
# set proj_name "project1"
# set proj_dir "./project1"
# set part_name "xc7s50csga324-2"
# set top_module "top"
# set sim_top_module "tb_top2"
# set sim_pe "tb_pe"
# set sim_axim_reg "tb_axim_reg"
# set sim_top_fifo "tb_top_fifo"
# set sim_fifo "tb_fifo"
# set sim_weight_loader "tb_weight_loader"
# set bitfile "mapinflation.bit"
# file mkdir sim
# cd sim
# file mkdir work
# cd work
# exec xvlog /home/audrey/Xilinx/Vivado/2024.2/data/verilog/src/glbl.v
# exec xvlog ./../../pe.v
# exec xvlog ./../../adder_tree.v
# exec xvlog  ./../../data_accumulator.v
# exec xvlog -sv ./../../weight_loader.sv
# exec xvlog -sv ./../../axim_reg.sv
# exec xvlog ./../../fifo.v
# exec xvlog ./../../fifo_axis.v
# exec xvlog ./../../top_fifo.v
# exec xvlog ./../../axis_unpack_data.v
# exec xvlog ./../../delay.v
# exec xvlog ./../../crossbar.v
# exec xvlog ./../../pe_wrapper.v
# exec xvlog ./../../top.v
# exec xvlog ./../../tb_pe.v
# exec xvlog ./../../tb_weight_loader.v
# exec xvlog ./../../tb_axim_reg.v
# exec xvlog ./../../tb_top_fifo.v
# exec xvlog ./../../tb_fifo.v
# exec xvlog ./../../tb_top2.v
# exec xelab $sim_pe -debug all
# exec xelab  $sim_weight_loader -debug all
# exec xelab $sim_axim_reg -debug all
# exec xelab $sim_fifo -debug all
# exec xelab  $sim_top_fifo -debug all
# exec xelab $sim_top_module glbl -L unisim_ver -L unisims_ver -debug all -snapshot sim_snapshot
# exec xsim sim_snapshot --tclbatch ./../../sim.tcl
# cd ../..
# catch {close_design}
# file mkdir synth_place_route
# cd  synth_place_route
# read_verilog ./../pe.v
# read_verilog ./../adder_tree.v
# read_verilog  ./../data_accumulator.v
# read_verilog -sv ./../weight_loader.sv
# read_verilog -sv ./../axim_reg.sv
# read_verilog ./../fifo.v
# read_verilog ./../fifo_axis.v
# read_verilog ./../top_fifo.v
# read_verilog ./../axis_unpack_data.v
# read_verilog ./../delay.v
# read_verilog ./../pe_wrapper.v
# read_verilog ./../crossbar.v
# read_verilog ./../top.v
# read_xdc ./../timingConstraint.xdc
# synth_design -mode out_of_context -top $top_module -part $part_name -directive LogicCompaction 
Command: synth_design -mode out_of_context -top top -part xc7s50csga324-2 -directive LogicCompaction
Starting synth_design
Attempting to get a license for feature 'Synthesis' and/or device 'xc7s50'
INFO: [Common 17-349] Got license for feature 'Synthesis' and/or device 'xc7s50'
INFO: [Device 21-403] Loading part xc7s50csga324-2
INFO: [Synth 8-7079] Multithreading enabled for synth_design using a maximum of 7 processes.
INFO: [Synth 8-7078] Launching helper process for spawning children vivado processes
INFO: [Synth 8-7075] Helper process launched with PID 420203
---------------------------------------------------------------------------------
Starting RTL Elaboration : Time (s): cpu = 00:00:04 ; elapsed = 00:00:04 . Memory (MB): peak = 1891.484 ; gain = 427.746 ; free physical = 4426 ; free virtual = 9590
---------------------------------------------------------------------------------
INFO: [Synth 8-11241] undeclared symbol 'pipe_flushing', assumed default net type 'wire' [/home/audrey/Documents/convolution/Map_inflation/hardware_impl/top.v:212]
INFO: [Synth 8-6157] synthesizing module 'top' [/home/audrey/Documents/convolution/Map_inflation/hardware_impl/top.v:3]
INFO: [Synth 8-6157] synthesizing module 'weight_loader' [/home/audrey/Documents/convolution/Map_inflation/hardware_impl/weight_loader.sv:3]
	Parameter KERNEL_SIZE bound to: 3 - type: integer 
	Parameter WEIGHT_WIDTH bound to: 8 - type: integer 
	Parameter BUS_WIDTH bound to: 32 - type: integer 
INFO: [Synth 8-226] default block is never used [/home/audrey/Documents/convolution/Map_inflation/hardware_impl/weight_loader.sv:55]
INFO: [Synth 8-6155] done synthesizing module 'weight_loader' (0#1) [/home/audrey/Documents/convolution/Map_inflation/hardware_impl/weight_loader.sv:3]
INFO: [Synth 8-6157] synthesizing module 'data_accumulator' [/home/audrey/Documents/convolution/Map_inflation/hardware_impl/data_accumulator.v:3]
	Parameter KERNEL_SIZE bound to: 3 - type: integer 
	Parameter DATA_WIDTH bound to: 8 - type: integer 
	Parameter BUS_WIDTH bound to: 32 - type: integer 
INFO: [Synth 8-6155] done synthesizing module 'data_accumulator' (0#1) [/home/audrey/Documents/convolution/Map_inflation/hardware_impl/data_accumulator.v:3]
INFO: [Synth 8-6157] synthesizing module 'axis_unpack_data' [/home/audrey/Documents/convolution/Map_inflation/hardware_impl/axis_unpack_data.v:3]
	Parameter KERNEL_SIZE bound to: 3 - type: integer 
	Parameter DATA_WIDTH bound to: 8 - type: integer 
	Parameter DEPTH bound to: 4 - type: integer 
	Parameter PTR_WIDTH bound to: 2 - type: integer 
INFO: [Synth 8-6157] synthesizing module 'fifo_axis' [/home/audrey/Documents/convolution/Map_inflation/hardware_impl/fifo_axis.v:3]
	Parameter DATAWIDTH bound to: 8 - type: integer 
	Parameter DEPTH bound to: 4 - type: integer 
	Parameter PTR_WIDTH bound to: 2 - type: integer 
INFO: [Synth 8-6157] synthesizing module 'fifo' [/home/audrey/Documents/convolution/Map_inflation/hardware_impl/fifo.v:3]
	Parameter DATAWIDTH bound to: 8 - type: integer 
	Parameter DEPTH bound to: 4 - type: integer 
	Parameter PTR_WIDTH bound to: 2 - type: integer 
INFO: [Synth 8-6155] done synthesizing module 'fifo' (0#1) [/home/audrey/Documents/convolution/Map_inflation/hardware_impl/fifo.v:3]
INFO: [Synth 8-6155] done synthesizing module 'fifo_axis' (0#1) [/home/audrey/Documents/convolution/Map_inflation/hardware_impl/fifo_axis.v:3]
INFO: [Synth 8-6155] done synthesizing module 'axis_unpack_data' (0#1) [/home/audrey/Documents/convolution/Map_inflation/hardware_impl/axis_unpack_data.v:3]
INFO: [Synth 8-6157] synthesizing module 'pe_wrapper' [/home/audrey/Documents/convolution/Map_inflation/hardware_impl/pe_wrapper.v:2]
	Parameter KERNEL_SIZE bound to: 3 - type: integer 
	Parameter DATA_WIDTH bound to: 8 - type: integer 
	Parameter WEIGHT_WIDTH bound to: 8 - type: integer 
INFO: [Synth 8-6157] synthesizing module 'pe' [/home/audrey/Documents/convolution/Map_inflation/hardware_impl/pe.v:3]
	Parameter WEIGHT_WIDTH bound to: 8 - type: integer 
	Parameter DATA_WIDTH bound to: 8 - type: integer 
INFO: [Synth 8-6155] done synthesizing module 'pe' (0#1) [/home/audrey/Documents/convolution/Map_inflation/hardware_impl/pe.v:3]
INFO: [Synth 8-6157] synthesizing module 'adder_tree' [/home/audrey/Documents/convolution/Map_inflation/hardware_impl/adder_tree.v:14]
	Parameter KERNEL_SIZE bound to: 3 - type: integer 
	Parameter DATA_WIDTH bound to: 8 - type: integer 
	Parameter WEIGHT_WIDTH bound to: 8 - type: integer 
INFO: [Synth 8-6157] synthesizing module 'fifo_axis__parameterized0' [/home/audrey/Documents/convolution/Map_inflation/hardware_impl/fifo_axis.v:3]
	Parameter DATAWIDTH bound to: 18 - type: integer 
	Parameter DEPTH bound to: 8 - type: integer 
	Parameter PTR_WIDTH bound to: 3 - type: integer 
INFO: [Synth 8-6157] synthesizing module 'fifo__parameterized0' [/home/audrey/Documents/convolution/Map_inflation/hardware_impl/fifo.v:3]
	Parameter DATAWIDTH bound to: 18 - type: integer 
	Parameter DEPTH bound to: 8 - type: integer 
	Parameter PTR_WIDTH bound to: 3 - type: integer 
INFO: [Synth 8-6155] done synthesizing module 'fifo__parameterized0' (0#1) [/home/audrey/Documents/convolution/Map_inflation/hardware_impl/fifo.v:3]
INFO: [Synth 8-6155] done synthesizing module 'fifo_axis__parameterized0' (0#1) [/home/audrey/Documents/convolution/Map_inflation/hardware_impl/fifo_axis.v:3]
INFO: [Synth 8-6155] done synthesizing module 'adder_tree' (0#1) [/home/audrey/Documents/convolution/Map_inflation/hardware_impl/adder_tree.v:14]
INFO: [Synth 8-6157] synthesizing module 'crossbar' [/home/audrey/Documents/convolution/Map_inflation/hardware_impl/crossbar.v:3]
	Parameter KERNEL_SIZE bound to: 3 - type: integer 
	Parameter DATA_WIDTH bound to: 18 - type: integer 
INFO: [Synth 8-6155] done synthesizing module 'crossbar' (0#1) [/home/audrey/Documents/convolution/Map_inflation/hardware_impl/crossbar.v:3]
INFO: [Synth 8-6155] done synthesizing module 'pe_wrapper' (0#1) [/home/audrey/Documents/convolution/Map_inflation/hardware_impl/pe_wrapper.v:2]
INFO: [Synth 8-6157] synthesizing module 'delay' [/home/audrey/Documents/convolution/Map_inflation/hardware_impl/delay.v:3]
	Parameter LATENCY bound to: 11 - type: integer 
	Parameter WIDTH bound to: 1 - type: integer 
INFO: [Synth 8-6155] done synthesizing module 'delay' (0#1) [/home/audrey/Documents/convolution/Map_inflation/hardware_impl/delay.v:3]
INFO: [Synth 8-6155] done synthesizing module 'top' (0#1) [/home/audrey/Documents/convolution/Map_inflation/hardware_impl/top.v:3]
WARNING: [Synth 8-6014] Unused sequential element genblk1[0].tree_flat_reg[5] was removed.  [/home/audrey/Documents/convolution/Map_inflation/hardware_impl/adder_tree.v:91]
WARNING: [Synth 8-6014] Unused sequential element genblk1[1].tree_flat_reg[7] was removed.  [/home/audrey/Documents/convolution/Map_inflation/hardware_impl/adder_tree.v:91]
WARNING: [Synth 8-6014] Unused sequential element genblk1[1].tree_flat_reg[8] was removed.  [/home/audrey/Documents/convolution/Map_inflation/hardware_impl/adder_tree.v:91]
---------------------------------------------------------------------------------
Finished RTL Elaboration : Time (s): cpu = 00:00:05 ; elapsed = 00:00:06 . Memory (MB): peak = 1966.422 ; gain = 502.684 ; free physical = 4336 ; free virtual = 9516
---------------------------------------------------------------------------------
---------------------------------------------------------------------------------
Start Handling Custom Attributes
---------------------------------------------------------------------------------
---------------------------------------------------------------------------------
Finished Handling Custom Attributes : Time (s): cpu = 00:00:05 ; elapsed = 00:00:06 . Memory (MB): peak = 1984.234 ; gain = 520.496 ; free physical = 4336 ; free virtual = 9517
---------------------------------------------------------------------------------
---------------------------------------------------------------------------------
Finished RTL Optimization Phase 1 : Time (s): cpu = 00:00:05 ; elapsed = 00:00:06 . Memory (MB): peak = 1984.234 ; gain = 520.496 ; free physical = 4336 ; free virtual = 9517
---------------------------------------------------------------------------------
Netlist sorting complete. Time (s): cpu = 00:00:00.01 ; elapsed = 00:00:00.01 . Memory (MB): peak = 1984.234 ; gain = 0.000 ; free physical = 4336 ; free virtual = 9517
INFO: [Project 1-570] Preparing netlist for logic optimization

Processing XDC Constraints
Initializing timing engine
Parsing XDC File [/home/audrey/Documents/convolution/Map_inflation/hardware_impl/timingConstraint.xdc]
Finished Parsing XDC File [/home/audrey/Documents/convolution/Map_inflation/hardware_impl/timingConstraint.xdc]
INFO: [Project 1-236] Implementation specific constraints were found while reading constraint file [/home/audrey/Documents/convolution/Map_inflation/hardware_impl/timingConstraint.xdc]. These constraints will be ignored for synthesis but will be used in implementation. Impacted constraints are listed in the file [.Xil/top_propImpl.xdc].
Resolution: To avoid this warning, move constraints listed in [.Xil/top_propImpl.xdc] to another XDC file and exclude this new file from synthesis with the used_in_synthesis property (File Properties dialog in GUI) and re-run elaboration/synthesis.
Completed Processing XDC Constraints

Netlist sorting complete. Time (s): cpu = 00:00:00 ; elapsed = 00:00:00 . Memory (MB): peak = 2130.984 ; gain = 0.000 ; free physical = 4333 ; free virtual = 9513
INFO: [Project 1-111] Unisim Transformation Summary:
No Unisim elements were transformed.

Constraint Validation Runtime : Time (s): cpu = 00:00:00.01 ; elapsed = 00:00:00.01 . Memory (MB): peak = 2130.984 ; gain = 0.000 ; free physical = 4333 ; free virtual = 9513
---------------------------------------------------------------------------------
Finished Constraint Validation : Time (s): cpu = 00:00:12 ; elapsed = 00:00:12 . Memory (MB): peak = 2130.984 ; gain = 667.246 ; free physical = 4405 ; free virtual = 9567
---------------------------------------------------------------------------------
---------------------------------------------------------------------------------
Start Loading Part and Timing Information
---------------------------------------------------------------------------------
Loading part: xc7s50csga324-2
---------------------------------------------------------------------------------
Finished Loading Part and Timing Information : Time (s): cpu = 00:00:12 ; elapsed = 00:00:12 . Memory (MB): peak = 2138.988 ; gain = 675.250 ; free physical = 4405 ; free virtual = 9567
---------------------------------------------------------------------------------
---------------------------------------------------------------------------------
Start Applying 'set_property' XDC Constraints
---------------------------------------------------------------------------------
---------------------------------------------------------------------------------
Finished applying 'set_property' XDC Constraints : Time (s): cpu = 00:00:12 ; elapsed = 00:00:12 . Memory (MB): peak = 2138.988 ; gain = 675.250 ; free physical = 4388 ; free virtual = 9567
---------------------------------------------------------------------------------
---------------------------------------------------------------------------------
Finished RTL Optimization Phase 2 : Time (s): cpu = 00:00:12 ; elapsed = 00:00:12 . Memory (MB): peak = 2138.988 ; gain = 675.250 ; free physical = 4404 ; free virtual = 9583
---------------------------------------------------------------------------------
---------------------------------------------------------------------------------
Start RTL Component Statistics 
---------------------------------------------------------------------------------
Detailed RTL Component Info : 
+---Adders : 
	   2 Input   32 Bit       Adders := 1     
	   2 Input   18 Bit       Adders := 6     
	   2 Input    4 Bit       Adders := 1     
	   2 Input    3 Bit       Adders := 9     
	   2 Input    2 Bit       Adders := 7     
+---Registers : 
	               96 Bit    Registers := 1     
	               48 Bit    Registers := 1     
	               32 Bit    Registers := 2     
	               24 Bit    Registers := 1     
	               18 Bit    Registers := 13    
	               16 Bit    Registers := 12    
	                8 Bit    Registers := 12    
	                3 Bit    Registers := 1     
	                2 Bit    Registers := 1     
	                1 Bit    Registers := 60    
+---RAMs : 
	              144 Bit	(8 X 18 bit)          RAMs := 3     
	               32 Bit	(4 X 8 bit)          RAMs := 3     
+---Muxes : 
	   3 Input   18 Bit        Muxes := 1     
	   2 Input   16 Bit        Muxes := 18    
	   4 Input    3 Bit        Muxes := 1     
	   2 Input    3 Bit        Muxes := 7     
	   2 Input    2 Bit        Muxes := 7     
	   2 Input    1 Bit        Muxes := 23    
	   4 Input    1 Bit        Muxes := 1     
---------------------------------------------------------------------------------
Finished RTL Component Statistics 
---------------------------------------------------------------------------------
---------------------------------------------------------------------------------
Start Part Resource Summary
---------------------------------------------------------------------------------
Part Resources:
DSPs: 120 (col length:60)
BRAMs: 150 (col length: RAMB18 60 RAMB36 30)
---------------------------------------------------------------------------------
Finished Part Resource Summary
---------------------------------------------------------------------------------
---------------------------------------------------------------------------------
Start Cross Boundary and Area Optimization
---------------------------------------------------------------------------------
WARNING: [Synth 8-7080] Parallel synthesis criteria is not met
DSP Report: Generating DSP genblk1[2].genblk1[2].pe_inst/pe_output_reg, operation Mode is: (A2*B2)'.
DSP Report: register genblk1[2].genblk1[2].pe_inst/pe_weight_reg_reg is absorbed into DSP genblk1[2].genblk1[2].pe_inst/pe_output_reg.
DSP Report: register genblk1[0].genblk1[2].pe_inst/pe_input_reg_reg is absorbed into DSP genblk1[2].genblk1[2].pe_inst/pe_output_reg.
DSP Report: register genblk1[2].genblk1[2].pe_inst/pe_output_reg is absorbed into DSP genblk1[2].genblk1[2].pe_inst/pe_output_reg.
DSP Report: operator genblk1[2].genblk1[2].pe_inst/pe_output0 is absorbed into DSP genblk1[2].genblk1[2].pe_inst/pe_output_reg.
DSP Report: Generating DSP genblk1[2].genblk1[1].pe_inst/pe_output_reg, operation Mode is: (A2*B2)'.
DSP Report: register genblk1[2].genblk1[1].pe_inst/pe_weight_reg_reg is absorbed into DSP genblk1[2].genblk1[1].pe_inst/pe_output_reg.
DSP Report: register genblk1[0].genblk1[1].pe_inst/pe_input_reg_reg is absorbed into DSP genblk1[2].genblk1[1].pe_inst/pe_output_reg.
DSP Report: register genblk1[2].genblk1[1].pe_inst/pe_output_reg is absorbed into DSP genblk1[2].genblk1[1].pe_inst/pe_output_reg.
DSP Report: operator genblk1[2].genblk1[1].pe_inst/pe_output0 is absorbed into DSP genblk1[2].genblk1[1].pe_inst/pe_output_reg.
DSP Report: Generating DSP genblk1[2].genblk1[0].pe_inst/pe_output_reg, operation Mode is: (A2*B2)'.
DSP Report: register genblk1[2].genblk1[0].pe_inst/pe_weight_reg_reg is absorbed into DSP genblk1[2].genblk1[0].pe_inst/pe_output_reg.
DSP Report: register genblk1[0].genblk1[0].pe_inst/pe_input_reg_reg is absorbed into DSP genblk1[2].genblk1[0].pe_inst/pe_output_reg.
DSP Report: register genblk1[2].genblk1[0].pe_inst/pe_output_reg is absorbed into DSP genblk1[2].genblk1[0].pe_inst/pe_output_reg.
DSP Report: operator genblk1[2].genblk1[0].pe_inst/pe_output0 is absorbed into DSP genblk1[2].genblk1[0].pe_inst/pe_output_reg.
DSP Report: Generating DSP genblk1[1].genblk1[2].pe_inst/pe_output_reg, operation Mode is: (A2*B2)'.
DSP Report: register genblk1[1].genblk1[2].pe_inst/pe_weight_reg_reg is absorbed into DSP genblk1[1].genblk1[2].pe_inst/pe_output_reg.
DSP Report: register genblk1[0].genblk1[2].pe_inst/pe_input_reg_reg is absorbed into DSP genblk1[1].genblk1[2].pe_inst/pe_output_reg.
DSP Report: register genblk1[1].genblk1[2].pe_inst/pe_output_reg is absorbed into DSP genblk1[1].genblk1[2].pe_inst/pe_output_reg.
DSP Report: operator genblk1[1].genblk1[2].pe_inst/pe_output0 is absorbed into DSP genblk1[1].genblk1[2].pe_inst/pe_output_reg.
DSP Report: Generating DSP genblk1[1].genblk1[1].pe_inst/pe_output_reg, operation Mode is: (A2*B2)'.
DSP Report: register genblk1[1].genblk1[1].pe_inst/pe_weight_reg_reg is absorbed into DSP genblk1[1].genblk1[1].pe_inst/pe_output_reg.
DSP Report: register genblk1[0].genblk1[1].pe_inst/pe_input_reg_reg is absorbed into DSP genblk1[1].genblk1[1].pe_inst/pe_output_reg.
DSP Report: register genblk1[1].genblk1[1].pe_inst/pe_output_reg is absorbed into DSP genblk1[1].genblk1[1].pe_inst/pe_output_reg.
DSP Report: operator genblk1[1].genblk1[1].pe_inst/pe_output0 is absorbed into DSP genblk1[1].genblk1[1].pe_inst/pe_output_reg.
DSP Report: Generating DSP genblk1[1].genblk1[0].pe_inst/pe_output_reg, operation Mode is: (A2*B2)'.
DSP Report: register genblk1[1].genblk1[0].pe_inst/pe_weight_reg_reg is absorbed into DSP genblk1[1].genblk1[0].pe_inst/pe_output_reg.
DSP Report: register genblk1[0].genblk1[0].pe_inst/pe_input_reg_reg is absorbed into DSP genblk1[1].genblk1[0].pe_inst/pe_output_reg.
DSP Report: register genblk1[1].genblk1[0].pe_inst/pe_output_reg is absorbed into DSP genblk1[1].genblk1[0].pe_inst/pe_output_reg.
DSP Report: operator genblk1[1].genblk1[0].pe_inst/pe_output0 is absorbed into DSP genblk1[1].genblk1[0].pe_inst/pe_output_reg.
DSP Report: Generating DSP genblk1[0].genblk1[2].pe_inst/pe_output_reg, operation Mode is: (A2*B2)'.
DSP Report: register genblk1[0].genblk1[2].pe_inst/pe_weight_reg_reg is absorbed into DSP genblk1[0].genblk1[2].pe_inst/pe_output_reg.
DSP Report: register genblk1[0].genblk1[2].pe_inst/pe_input_reg_reg is absorbed into DSP genblk1[0].genblk1[2].pe_inst/pe_output_reg.
DSP Report: register genblk1[0].genblk1[2].pe_inst/pe_output_reg is absorbed into DSP genblk1[0].genblk1[2].pe_inst/pe_output_reg.
DSP Report: operator genblk1[0].genblk1[2].pe_inst/pe_output0 is absorbed into DSP genblk1[0].genblk1[2].pe_inst/pe_output_reg.
DSP Report: Generating DSP genblk1[0].genblk1[1].pe_inst/pe_output_reg, operation Mode is: (A2*B2)'.
DSP Report: register genblk1[0].genblk1[1].pe_inst/pe_weight_reg_reg is absorbed into DSP genblk1[0].genblk1[1].pe_inst/pe_output_reg.
DSP Report: register genblk1[0].genblk1[1].pe_inst/pe_input_reg_reg is absorbed into DSP genblk1[0].genblk1[1].pe_inst/pe_output_reg.
DSP Report: register genblk1[0].genblk1[1].pe_inst/pe_output_reg is absorbed into DSP genblk1[0].genblk1[1].pe_inst/pe_output_reg.
DSP Report: operator genblk1[0].genblk1[1].pe_inst/pe_output0 is absorbed into DSP genblk1[0].genblk1[1].pe_inst/pe_output_reg.
DSP Report: Generating DSP genblk1[0].genblk1[0].pe_inst/pe_output_reg, operation Mode is: (A2*B2)'.
DSP Report: register genblk1[0].genblk1[0].pe_inst/pe_weight_reg_reg is absorbed into DSP genblk1[0].genblk1[0].pe_inst/pe_output_reg.
DSP Report: register genblk1[0].genblk1[0].pe_inst/pe_input_reg_reg is absorbed into DSP genblk1[0].genblk1[0].pe_inst/pe_output_reg.
DSP Report: register genblk1[0].genblk1[0].pe_inst/pe_output_reg is absorbed into DSP genblk1[0].genblk1[0].pe_inst/pe_output_reg.
DSP Report: operator genblk1[0].genblk1[0].pe_inst/pe_output0 is absorbed into DSP genblk1[0].genblk1[0].pe_inst/pe_output_reg.
---------------------------------------------------------------------------------
Finished Cross Boundary and Area Optimization : Time (s): cpu = 00:00:15 ; elapsed = 00:00:15 . Memory (MB): peak = 2138.988 ; gain = 675.250 ; free physical = 4408 ; free virtual = 9588
---------------------------------------------------------------------------------
 Sort Area is  genblk1[0].genblk1[0].pe_inst/pe_output_reg_0 : 0 0 : 486 486 : Used 1 time 100
 Sort Area is  genblk1[0].genblk1[1].pe_inst/pe_output_reg_2 : 0 0 : 486 486 : Used 1 time 100
 Sort Area is  genblk1[0].genblk1[2].pe_inst/pe_output_reg_3 : 0 0 : 486 486 : Used 1 time 100
 Sort Area is  genblk1[1].genblk1[0].pe_inst/pe_output_reg_4 : 0 0 : 486 486 : Used 1 time 100
 Sort Area is  genblk1[1].genblk1[1].pe_inst/pe_output_reg_5 : 0 0 : 486 486 : Used 1 time 100
 Sort Area is  genblk1[1].genblk1[2].pe_inst/pe_output_reg_6 : 0 0 : 486 486 : Used 1 time 100
 Sort Area is  genblk1[2].genblk1[0].pe_inst/pe_output_reg_7 : 0 0 : 486 486 : Used 1 time 100
 Sort Area is  genblk1[2].genblk1[1].pe_inst/pe_output_reg_8 : 0 0 : 486 486 : Used 1 time 100
 Sort Area is  genblk1[2].genblk1[2].pe_inst/pe_output_reg_9 : 0 0 : 486 486 : Used 1 time 100
---------------------------------------------------------------------------------
Start ROM, RAM, DSP, Shift Register and Retiming Reporting
---------------------------------------------------------------------------------

Distributed RAM: Preliminary Mapping Report (see note below)
+------------+---------------------------------------------------------------------+-----------+----------------------+-------------+
|Module Name | RTL Object                                                          | Inference | Size (Depth x Width) | Primitives  | 
+------------+---------------------------------------------------------------------+-----------+----------------------+-------------+
|top         | unpacker/genblk1[0].fifo_inst/fifo_inst/MEM_reg                     | Implied   | 4 x 8                | RAM32M x 2  | 
|top         | unpacker/genblk1[1].fifo_inst/fifo_inst/MEM_reg                     | Implied   | 4 x 8                | RAM32M x 2  | 
|top         | unpacker/genblk1[2].fifo_inst/fifo_inst/MEM_reg                     | Implied   | 4 x 8                | RAM32M x 2  | 
|top         | pe_engine/genblk1[2].row_sum_adder/fifo_axis_inst/fifo_inst/MEM_reg | Implied   | 8 x 18               | RAM32M x 3  | 
|top         | pe_engine/genblk1[1].row_sum_adder/fifo_axis_inst/fifo_inst/MEM_reg | Implied   | 8 x 18               | RAM32M x 3  | 
|top         | pe_engine/genblk1[0].row_sum_adder/fifo_axis_inst/fifo_inst/MEM_reg | Implied   | 8 x 18               | RAM32M x 3  | 
+------------+---------------------------------------------------------------------+-----------+----------------------+-------------+

Note: The table above is a preliminary report that shows the Distributed RAMs at the current stage of the synthesis flow. Some Distributed RAMs may be reimplemented as non Distributed RAM primitives later in the synthesis flow. Multiple instantiated RAMs are reported only once.

DSP: Preliminary Mapping Report (see note below. The ' indicates corresponding REG is set)
+------------+-------------+--------+--------+--------+--------+--------+------+------+------+------+-------+------+------+
|Module Name | DSP Mapping | A Size | B Size | C Size | D Size | P Size | AREG | BREG | CREG | DREG | ADREG | MREG | PREG | 
+------------+-------------+--------+--------+--------+--------+--------+------+------+------+------+-------+------+------+
|pe          | (A2*B2)'    | 8      | 8      | -      | -      | 16     | 1    | 1    | -    | -    | -     | 1    | 0    | 
|pe          | (A2*B2)'    | 8      | 8      | -      | -      | 16     | 1    | 1    | -    | -    | -     | 1    | 0    | 
|pe          | (A2*B2)'    | 8      | 8      | -      | -      | 16     | 1    | 1    | -    | -    | -     | 1    | 0    | 
|pe          | (A2*B2)'    | 8      | 8      | -      | -      | 16     | 1    | 1    | -    | -    | -     | 1    | 0    | 
|pe          | (A2*B2)'    | 8      | 8      | -      | -      | 16     | 1    | 1    | -    | -    | -     | 1    | 0    | 
|pe          | (A2*B2)'    | 8      | 8      | -      | -      | 16     | 1    | 1    | -    | -    | -     | 1    | 0    | 
|pe          | (A2*B2)'    | 8      | 8      | -      | -      | 16     | 1    | 1    | -    | -    | -     | 1    | 0    | 
|pe          | (A2*B2)'    | 8      | 8      | -      | -      | 16     | 1    | 1    | -    | -    | -     | 1    | 0    | 
|pe          | (A2*B2)'    | 8      | 8      | -      | -      | 16     | 1    | 1    | -    | -    | -     | 1    | 0    | 
+------------+-------------+--------+--------+--------+--------+--------+------+------+------+------+-------+------+------+

Note: The table above is a preliminary report that shows the DSPs inferred at the current stage of the synthesis flow. Some DSP may be reimplemented as non DSP primitives later in the synthesis flow. Multiple instantiated DSPs are reported only once.
---------------------------------------------------------------------------------
Finished ROM, RAM, DSP, Shift Register and Retiming Reporting
---------------------------------------------------------------------------------
---------------------------------------------------------------------------------
Start Applying XDC Timing Constraints
---------------------------------------------------------------------------------
---------------------------------------------------------------------------------
Finished Applying XDC Timing Constraints : Time (s): cpu = 00:00:21 ; elapsed = 00:00:22 . Memory (MB): peak = 2199.988 ; gain = 736.250 ; free physical = 4330 ; free virtual = 9509
---------------------------------------------------------------------------------
---------------------------------------------------------------------------------
Start Timing Optimization
---------------------------------------------------------------------------------
---------------------------------------------------------------------------------
Finished Timing Optimization : Time (s): cpu = 00:00:22 ; elapsed = 00:00:23 . Memory (MB): peak = 2248.035 ; gain = 784.297 ; free physical = 4294 ; free virtual = 9473
---------------------------------------------------------------------------------
---------------------------------------------------------------------------------
Start ROM, RAM, DSP, Shift Register and Retiming Reporting
---------------------------------------------------------------------------------

Distributed RAM: Final Mapping Report
+------------+---------------------------------------------------------------------+-----------+----------------------+-------------+
|Module Name | RTL Object                                                          | Inference | Size (Depth x Width) | Primitives  | 
+------------+---------------------------------------------------------------------+-----------+----------------------+-------------+
|top         | unpacker/genblk1[0].fifo_inst/fifo_inst/MEM_reg                     | Implied   | 4 x 8                | RAM32M x 2  | 
|top         | unpacker/genblk1[1].fifo_inst/fifo_inst/MEM_reg                     | Implied   | 4 x 8                | RAM32M x 2  | 
|top         | unpacker/genblk1[2].fifo_inst/fifo_inst/MEM_reg                     | Implied   | 4 x 8                | RAM32M x 2  | 
|top         | pe_engine/genblk1[2].row_sum_adder/fifo_axis_inst/fifo_inst/MEM_reg | Implied   | 8 x 18               | RAM32M x 3  | 
|top         | pe_engine/genblk1[1].row_sum_adder/fifo_axis_inst/fifo_inst/MEM_reg | Implied   | 8 x 18               | RAM32M x 3  | 
|top         | pe_engine/genblk1[0].row_sum_adder/fifo_axis_inst/fifo_inst/MEM_reg | Implied   | 8 x 18               | RAM32M x 3  | 
+------------+---------------------------------------------------------------------+-----------+----------------------+-------------+

---------------------------------------------------------------------------------
Finished ROM, RAM, DSP, Shift Register and Retiming Reporting
---------------------------------------------------------------------------------
---------------------------------------------------------------------------------
Start Technology Mapping
---------------------------------------------------------------------------------
---------------------------------------------------------------------------------
Finished Technology Mapping : Time (s): cpu = 00:00:23 ; elapsed = 00:00:23 . Memory (MB): peak = 2248.035 ; gain = 784.297 ; free physical = 4286 ; free virtual = 9466
---------------------------------------------------------------------------------
---------------------------------------------------------------------------------
Start IO Insertion
---------------------------------------------------------------------------------
---------------------------------------------------------------------------------
Start Flattening Before IO Insertion
---------------------------------------------------------------------------------
---------------------------------------------------------------------------------
Finished Flattening Before IO Insertion
---------------------------------------------------------------------------------
---------------------------------------------------------------------------------
Start Final Netlist Cleanup
---------------------------------------------------------------------------------
---------------------------------------------------------------------------------
Finished Final Netlist Cleanup
---------------------------------------------------------------------------------
---------------------------------------------------------------------------------
Finished IO Insertion : Time (s): cpu = 00:00:26 ; elapsed = 00:00:26 . Memory (MB): peak = 2392.848 ; gain = 929.109 ; free physical = 4204 ; free virtual = 9368
---------------------------------------------------------------------------------
---------------------------------------------------------------------------------
Start Renaming Generated Instances
---------------------------------------------------------------------------------
---------------------------------------------------------------------------------
Finished Renaming Generated Instances : Time (s): cpu = 00:00:26 ; elapsed = 00:00:26 . Memory (MB): peak = 2392.848 ; gain = 929.109 ; free physical = 4204 ; free virtual = 9368
---------------------------------------------------------------------------------
---------------------------------------------------------------------------------
Start Rebuilding User Hierarchy
---------------------------------------------------------------------------------
---------------------------------------------------------------------------------
Finished Rebuilding User Hierarchy : Time (s): cpu = 00:00:26 ; elapsed = 00:00:26 . Memory (MB): peak = 2392.848 ; gain = 929.109 ; free physical = 4180 ; free virtual = 9360
---------------------------------------------------------------------------------
---------------------------------------------------------------------------------
Start Renaming Generated Ports
---------------------------------------------------------------------------------
---------------------------------------------------------------------------------
Finished Renaming Generated Ports : Time (s): cpu = 00:00:26 ; elapsed = 00:00:26 . Memory (MB): peak = 2392.848 ; gain = 929.109 ; free physical = 4180 ; free virtual = 9360
---------------------------------------------------------------------------------
---------------------------------------------------------------------------------
Start Handling Custom Attributes
---------------------------------------------------------------------------------
---------------------------------------------------------------------------------
Finished Handling Custom Attributes : Time (s): cpu = 00:00:26 ; elapsed = 00:00:26 . Memory (MB): peak = 2392.848 ; gain = 929.109 ; free physical = 4180 ; free virtual = 9360
---------------------------------------------------------------------------------
---------------------------------------------------------------------------------
Start Renaming Generated Nets
---------------------------------------------------------------------------------
---------------------------------------------------------------------------------
Finished Renaming Generated Nets : Time (s): cpu = 00:00:26 ; elapsed = 00:00:26 . Memory (MB): peak = 2392.848 ; gain = 929.109 ; free physical = 4182 ; free virtual = 9361
---------------------------------------------------------------------------------
---------------------------------------------------------------------------------
Start Writing Synthesis Report
---------------------------------------------------------------------------------

DSP Final Report (the ' indicates corresponding REG is set)
+------------+--------------+--------+--------+--------+--------+--------+------+------+------+------+-------+------+------+
|Module Name | DSP Mapping  | A Size | B Size | C Size | D Size | P Size | AREG | BREG | CREG | DREG | ADREG | MREG | PREG | 
+------------+--------------+--------+--------+--------+--------+--------+------+------+------+------+-------+------+------+
|pe          | ((A'*B'')')' | 8      | 8      | -      | -      | 16     | 1    | 2    | -    | -    | -     | 1    | 1    | 
|pe          | ((A'*B'')')' | 8      | 8      | -      | -      | 16     | 1    | 2    | -    | -    | -     | 1    | 1    | 
|pe          | ((A'*B'')')' | 8      | 8      | -      | -      | 16     | 1    | 2    | -    | -    | -     | 1    | 1    | 
|pe          | ((A'*B'')')' | 8      | 8      | -      | -      | 16     | 1    | 2    | -    | -    | -     | 1    | 1    | 
|pe          | ((A'*B'')')' | 8      | 8      | -      | -      | 16     | 1    | 2    | -    | -    | -     | 1    | 1    | 
|pe          | ((A'*B'')')' | 8      | 8      | -      | -      | 16     | 1    | 2    | -    | -    | -     | 1    | 1    | 
|pe          | ((A'*B'')')' | 8      | 8      | -      | -      | 16     | 1    | 2    | -    | -    | -     | 1    | 1    | 
|pe          | ((A'*B'')')' | 8      | 8      | -      | -      | 16     | 1    | 2    | -    | -    | -     | 1    | 1    | 
|pe          | ((A'*B'')')' | 8      | 8      | -      | -      | 16     | 1    | 2    | -    | -    | -     | 1    | 1    | 
+------------+--------------+--------+--------+--------+--------+--------+------+------+------+------+-------+------+------+


Report BlackBoxes: 
+-+--------------+----------+
| |BlackBox name |Instances |
+-+--------------+----------+
+-+--------------+----------+

Report Cell Usage: 
+------+---------+------+
|      |Cell     |Count |
+------+---------+------+
|1     |CARRY4   |    38|
|2     |DSP48E1  |     9|
|3     |LUT1     |     7|
|4     |LUT2     |   120|
|5     |LUT3     |    16|
|6     |LUT4     |    25|
|7     |LUT5     |    85|
|8     |LUT6     |    52|
|9     |MUXF7    |     8|
|10    |RAM32M   |    12|
|11    |RAM32X1D |     6|
|12    |FDRE     |   581|
|13    |FDSE     |     1|
+------+---------+------+
---------------------------------------------------------------------------------
Finished Writing Synthesis Report : Time (s): cpu = 00:00:26 ; elapsed = 00:00:26 . Memory (MB): peak = 2392.848 ; gain = 929.109 ; free physical = 4182 ; free virtual = 9361
---------------------------------------------------------------------------------
Synthesis finished with 0 errors, 0 critical warnings and 1 warnings.
Synthesis Optimization Runtime : Time (s): cpu = 00:00:24 ; elapsed = 00:00:25 . Memory (MB): peak = 2392.848 ; gain = 782.359 ; free physical = 4182 ; free virtual = 9361
Synthesis Optimization Complete : Time (s): cpu = 00:00:26 ; elapsed = 00:00:26 . Memory (MB): peak = 2392.855 ; gain = 929.109 ; free physical = 4182 ; free virtual = 9361
INFO: [Project 1-571] Translating synthesized netlist
Netlist sorting complete. Time (s): cpu = 00:00:00.01 ; elapsed = 00:00:00.01 . Memory (MB): peak = 2392.855 ; gain = 0.000 ; free physical = 4350 ; free virtual = 9530
INFO: [Netlist 29-17] Analyzing 73 Unisim elements for replacement
INFO: [Netlist 29-28] Unisim Transformation completed in 0 CPU seconds
INFO: [Project 1-570] Preparing netlist for logic optimization
Parsing XDC File [/home/audrey/Documents/convolution/Map_inflation/hardware_impl/timingConstraint.xdc]
INFO: [Vivado 12-4761] HD.CLK_SRC property is set on port clk. The net connecting to the port drives either clock PIN or hierarchical black box. Use the create_clock constraint to create a clock on this port prior to setting HD.CLK_SRC.  [/home/audrey/Documents/convolution/Map_inflation/hardware_impl/timingConstraint.xdc:4]
Finished Parsing XDC File [/home/audrey/Documents/convolution/Map_inflation/hardware_impl/timingConstraint.xdc]
INFO: [Opt 31-138] Pushed 0 inverter(s) to 0 load pin(s).
Netlist sorting complete. Time (s): cpu = 00:00:00 ; elapsed = 00:00:00 . Memory (MB): peak = 2448.875 ; gain = 0.000 ; free physical = 4356 ; free virtual = 9530
INFO: [Project 1-111] Unisim Transformation Summary:
  A total of 18 instances were transformed.
  RAM32M => RAM32M (RAMD32(x6), RAMS32(x2)): 12 instances
  RAM32X1D => RAM32X1D (RAMD32(x2)): 6 instances

Synth Design complete | Checksum: cf28eb9f
INFO: [Common 17-83] Releasing license: Synthesis
44 Infos, 4 Warnings, 0 Critical Warnings and 0 Errors encountered.
synth_design completed successfully
synth_design: Time (s): cpu = 00:00:33 ; elapsed = 00:00:31 . Memory (MB): peak = 2448.875 ; gain = 1014.824 ; free physical = 4356 ; free virtual = 9530
INFO: [Common 17-2834] synth_design peak Physical Memory [PSS] (MB): overall = 1856.011; main = 1856.011; forked = 323.393
INFO: [Common 17-2834] synth_design peak Virtual Memory [VSS] (MB): overall = 3067.656; main = 2448.879; forked = 916.664
# write_checkpoint -force  synth_checkpoint.dcp
INFO: [Timing 38-35] Done setting XDC timing constraints.
INFO: [Timing 38-480] Writing timing data to binary archive.
Wrote PlaceDB: Time (s): cpu = 00:00:00.01 ; elapsed = 00:00:00 . Memory (MB): peak = 2533.703 ; gain = 5.938 ; free physical = 4260 ; free virtual = 9437
Wrote PulsedLatchDB: Time (s): cpu = 00:00:00 ; elapsed = 00:00:00 . Memory (MB): peak = 2533.703 ; gain = 0.000 ; free physical = 4260 ; free virtual = 9439
Writing XDEF routing.
Write ShapeDB Complete: Time (s): cpu = 00:00:00.02 ; elapsed = 00:00:00 . Memory (MB): peak = 2533.703 ; gain = 5.938 ; free physical = 4252 ; free virtual = 9432
Writing XDEF routing logical nets.
Writing XDEF routing special nets.
Wrote RouteStorage: Time (s): cpu = 00:00:00.06 ; elapsed = 00:00:00.01 . Memory (MB): peak = 2540.688 ; gain = 6.984 ; free physical = 4249 ; free virtual = 9429
Wrote Netlist Cache: Time (s): cpu = 00:00:00 ; elapsed = 00:00:00 . Memory (MB): peak = 2540.688 ; gain = 0.000 ; free physical = 4249 ; free virtual = 9429
Wrote Device Cache: Time (s): cpu = 00:00:00.02 ; elapsed = 00:00:00.01 . Memory (MB): peak = 2540.688 ; gain = 0.000 ; free physical = 4249 ; free virtual = 9430
Write Physdb Complete: Time (s): cpu = 00:00:00.1 ; elapsed = 00:00:00.02 . Memory (MB): peak = 2540.688 ; gain = 12.922 ; free physical = 4249 ; free virtual = 9430
INFO: [Common 17-1381] The checkpoint '/home/audrey/Documents/convolution/Map_inflation/hardware_impl/synth_place_route/synth_checkpoint.dcp' has been generated.
write_checkpoint: Time (s): cpu = 00:00:06 ; elapsed = 00:00:06 . Memory (MB): peak = 2540.688 ; gain = 91.812 ; free physical = 4227 ; free virtual = 9408
# opt_design  -remap -resynth_remap 
Command: opt_design -remap -resynth_remap
Attempting to get a license for feature 'Implementation' and/or device 'xc7s50'
INFO: [Common 17-349] Got license for feature 'Implementation' and/or device 'xc7s50'
Running DRC as a precondition to command opt_design

Starting DRC Task
INFO: [DRC 23-27] Running DRC with 8 threads
WARNING: [DRC 23-814] Not all possible (connectivity based) DRCs may have been run because this design is seen as Out of Context.
INFO: [Project 1-461] DRC finished with 0 Errors
INFO: [Project 1-462] Please refer to the DRC report (report_drc) for more information.

Time (s): cpu = 00:00:02 ; elapsed = 00:00:00.5 . Memory (MB): peak = 2645.055 ; gain = 104.367 ; free physical = 4201 ; free virtual = 9382

Starting Logic Optimization Task

Phase 1 Initialization

Phase 1.1 Core Generation And Design Setup
Phase 1.1 Core Generation And Design Setup | Checksum: 25b443d6a

Time (s): cpu = 00:00:00 ; elapsed = 00:00:00.01 . Memory (MB): peak = 2822.023 ; gain = 0.000 ; free physical = 3973 ; free virtual = 9137

Phase 1.2 Setup Constraints And Sort Netlist
Phase 1.2 Setup Constraints And Sort Netlist | Checksum: 25b443d6a

Time (s): cpu = 00:00:00 ; elapsed = 00:00:00.01 . Memory (MB): peak = 2822.023 ; gain = 0.000 ; free physical = 3973 ; free virtual = 9137
Phase 1 Initialization | Checksum: 25b443d6a

Time (s): cpu = 00:00:00 ; elapsed = 00:00:00.01 . Memory (MB): peak = 2822.023 ; gain = 0.000 ; free physical = 3973 ; free virtual = 9137

Phase 2 Timer Update And Timing Data Collection

Phase 2.1 Timer Update
Phase 2.1 Timer Update | Checksum: 25b443d6a

Time (s): cpu = 00:00:00.07 ; elapsed = 00:00:00.03 . Memory (MB): peak = 2822.023 ; gain = 0.000 ; free physical = 3965 ; free virtual = 9137

Phase 2.2 Timing Data Collection
Phase 2.2 Timing Data Collection | Checksum: 25b443d6a

Time (s): cpu = 00:00:00.08 ; elapsed = 00:00:00.04 . Memory (MB): peak = 2822.023 ; gain = 0.000 ; free physical = 3950 ; free virtual = 9130
Phase 2 Timer Update And Timing Data Collection | Checksum: 25b443d6a

Time (s): cpu = 00:00:00.08 ; elapsed = 00:00:00.04 . Memory (MB): peak = 2822.023 ; gain = 0.000 ; free physical = 3950 ; free virtual = 9130

Phase 3 Remap
Phase 3 Remap | Checksum: 25b443d6a

Time (s): cpu = 00:00:00.09 ; elapsed = 00:00:00.05 . Memory (MB): peak = 2822.023 ; gain = 0.000 ; free physical = 3950 ; free virtual = 9130
Remap | Checksum: 25b443d6a
INFO: [Opt 31-389] Phase Remap created 0 cells and removed 0 cells

Phase 4 Remap

Starting refreshPlacementInfo for remap Task

Time (s): cpu = 00:00:00 ; elapsed = 00:00:00 . Memory (MB): peak = 2822.023 ; gain = 0.000 ; free physical = 3950 ; free virtual = 9130

Starting timing update for remap Task
INFO: [Timing 38-35] Done setting XDC timing constraints.

Time (s): cpu = 00:00:00.39 ; elapsed = 00:00:00.16 . Memory (MB): peak = 2822.023 ; gain = 0.000 ; free physical = 3950 ; free virtual = 9130

Starting timing path analysis for remap Task

Time (s): cpu = 00:00:01 ; elapsed = 00:00:01 . Memory (MB): peak = 2822.023 ; gain = 0.000 ; free physical = 3946 ; free virtual = 9126
INFO: [Opt 31-572] Total number of LUTs replicated during resynth remap are 104

Starting suspend timer after remap Task

Time (s): cpu = 00:00:00.01 ; elapsed = 00:00:00.01 . Memory (MB): peak = 2855.062 ; gain = 0.000 ; free physical = 3919 ; free virtual = 9082
Phase 4 Remap | Checksum: 1917caad5

Time (s): cpu = 00:00:06 ; elapsed = 00:00:05 . Memory (MB): peak = 2855.062 ; gain = 33.039 ; free physical = 3925 ; free virtual = 9089
Remap | Checksum: 1917caad5
INFO: [Opt 31-389] Phase Remap created 153 cells and removed 52 cells

Phase 5 Post Processing Netlist
Phase 5 Post Processing Netlist | Checksum: 1c14f6225

Time (s): cpu = 00:00:06 ; elapsed = 00:00:05 . Memory (MB): peak = 2855.062 ; gain = 33.039 ; free physical = 3925 ; free virtual = 9089
Post Processing Netlist | Checksum: 1c14f6225
INFO: [Opt 31-389] Phase Post Processing Netlist created 0 cells and removed 0 cells

Phase 6 Finalization

Phase 6.1 Finalizing Design Cores and Updating Shapes
Phase 6.1 Finalizing Design Cores and Updating Shapes | Checksum: 28017a721

Time (s): cpu = 00:00:06 ; elapsed = 00:00:05 . Memory (MB): peak = 2855.062 ; gain = 33.039 ; free physical = 3909 ; free virtual = 9089

Phase 6.2 Verifying Netlist Connectivity
Phase 6.2 Verifying Netlist Connectivity | Checksum: 28017a721

Time (s): cpu = 00:00:06 ; elapsed = 00:00:05 . Memory (MB): peak = 2855.062 ; gain = 33.039 ; free physical = 3909 ; free virtual = 9089
Phase 6 Finalization | Checksum: 28017a721

Time (s): cpu = 00:00:06 ; elapsed = 00:00:05 . Memory (MB): peak = 2855.062 ; gain = 33.039 ; free physical = 3909 ; free virtual = 9089
Opt_design Change Summary
=========================


---------------------------------------------------------------------------------------------------------------------
|  Phase                    |  #Cells created  |  #Cells Removed  |  #Constrained objects preventing optimizations  |
---------------------------------------------------------------------------------------------------------------------
|  Remap                    |               0  |               0  |                                              0  |
|  Remap                    |             153  |              52  |                                              0  |
|  Post Processing Netlist  |               0  |               0  |                                              0  |
---------------------------------------------------------------------------------------------------------------------


Ending Logic Optimization Task | Checksum: 28017a721

Time (s): cpu = 00:00:06 ; elapsed = 00:00:05 . Memory (MB): peak = 2855.062 ; gain = 33.039 ; free physical = 3909 ; free virtual = 9089

Starting Netlist Obfuscation Task
Netlist sorting complete. Time (s): cpu = 00:00:00 ; elapsed = 00:00:00 . Memory (MB): peak = 2855.062 ; gain = 0.000 ; free physical = 3909 ; free virtual = 9089
Ending Netlist Obfuscation Task | Checksum: 28017a721

Time (s): cpu = 00:00:00 ; elapsed = 00:00:00.01 . Memory (MB): peak = 2855.062 ; gain = 0.000 ; free physical = 3909 ; free virtual = 9089
INFO: [Common 17-83] Releasing license: Implementation
10 Infos, 1 Warnings, 0 Critical Warnings and 0 Errors encountered.
opt_design completed successfully
opt_design: Time (s): cpu = 00:00:10 ; elapsed = 00:00:08 . Memory (MB): peak = 2855.062 ; gain = 314.375 ; free physical = 3909 ; free virtual = 9089
# place_design 
Command: place_design
Attempting to get a license for feature 'Implementation' and/or device 'xc7s50'
INFO: [Common 17-349] Got license for feature 'Implementation' and/or device 'xc7s50'
INFO: [Common 17-83] Releasing license: Implementation
INFO: [DRC 23-27] Running DRC with 8 threads
WARNING: [DRC 23-814] Not all possible (connectivity based) DRCs may have been run because this design is seen as Out of Context.
INFO: [Vivado_Tcl 4-198] DRC finished with 0 Errors
INFO: [Vivado_Tcl 4-199] Please refer to the DRC report (report_drc) for more information.
Running DRC as a precondition to command place_design
INFO: [DRC 23-27] Running DRC with 8 threads
WARNING: [DRC 23-814] Not all possible (connectivity based) DRCs may have been run because this design is seen as Out of Context.
INFO: [Vivado_Tcl 4-198] DRC finished with 0 Errors
INFO: [Vivado_Tcl 4-199] Please refer to the DRC report (report_drc) for more information.
INFO: [Place 30-611] Multithreading enabled for place_design using a maximum of 8 CPUs

Starting Placer Task

Phase 1 Placer Initialization

Phase 1.1 Placer Initialization Netlist Sorting
Netlist sorting complete. Time (s): cpu = 00:00:00 ; elapsed = 00:00:00 . Memory (MB): peak = 2855.062 ; gain = 0.000 ; free physical = 3915 ; free virtual = 9095
Phase 1.1 Placer Initialization Netlist Sorting | Checksum: 229f4241d

Time (s): cpu = 00:00:00 ; elapsed = 00:00:00 . Memory (MB): peak = 2855.062 ; gain = 0.000 ; free physical = 3915 ; free virtual = 9095
INFO: [Timing 38-35] Done setting XDC timing constraints.
INFO: [Opt 31-138] Pushed 0 inverter(s) to 0 load pin(s).
Netlist sorting complete. Time (s): cpu = 00:00:00 ; elapsed = 00:00:00.01 . Memory (MB): peak = 2855.062 ; gain = 0.000 ; free physical = 3915 ; free virtual = 9095

Phase 1.2 IO Placement/ Clock Placement/ Build Placer Device
INFO: [Timing 38-35] Done setting XDC timing constraints.
Phase 1.2 IO Placement/ Clock Placement/ Build Placer Device | Checksum: 1edd70c1c

Time (s): cpu = 00:00:00.77 ; elapsed = 00:00:00.27 . Memory (MB): peak = 2855.062 ; gain = 0.000 ; free physical = 3915 ; free virtual = 9095

Phase 1.3 Build Placer Netlist Model
Phase 1.3 Build Placer Netlist Model | Checksum: 2d5838e16

Time (s): cpu = 00:00:02 ; elapsed = 00:00:00.53 . Memory (MB): peak = 2894.105 ; gain = 39.043 ; free physical = 3918 ; free virtual = 9098

Phase 1.4 Constrain Clocks/Macros
Phase 1.4 Constrain Clocks/Macros | Checksum: 2d5838e16

Time (s): cpu = 00:00:02 ; elapsed = 00:00:00.54 . Memory (MB): peak = 2894.105 ; gain = 39.043 ; free physical = 3918 ; free virtual = 9098
Phase 1 Placer Initialization | Checksum: 2d5838e16

Time (s): cpu = 00:00:02 ; elapsed = 00:00:00.55 . Memory (MB): peak = 2894.105 ; gain = 39.043 ; free physical = 3918 ; free virtual = 9098

Phase 2 Global Placement

Phase 2.1 Floorplanning
Phase 2.1 Floorplanning | Checksum: 26e33c9a7

Time (s): cpu = 00:00:02 ; elapsed = 00:00:00.62 . Memory (MB): peak = 2894.105 ; gain = 39.043 ; free physical = 3918 ; free virtual = 9098

Phase 2.2 Update Timing before SLR Path Opt
Phase 2.2 Update Timing before SLR Path Opt | Checksum: 27bafeec1

Time (s): cpu = 00:00:02 ; elapsed = 00:00:00.69 . Memory (MB): peak = 2894.105 ; gain = 39.043 ; free physical = 3922 ; free virtual = 9103

Phase 2.3 Post-Processing in Floorplanning
Phase 2.3 Post-Processing in Floorplanning | Checksum: 27bafeec1

Time (s): cpu = 00:00:02 ; elapsed = 00:00:00.69 . Memory (MB): peak = 2894.105 ; gain = 39.043 ; free physical = 3922 ; free virtual = 9103

Phase 2.4 Global Place Phase1
Phase 2.4 Global Place Phase1 | Checksum: 25b0983f0

Time (s): cpu = 00:00:06 ; elapsed = 00:00:02 . Memory (MB): peak = 2894.105 ; gain = 39.043 ; free physical = 3974 ; free virtual = 9155

Phase 2.5 Global Place Phase2

Phase 2.5.1 UpdateTiming Before Physical Synthesis
Phase 2.5.1 UpdateTiming Before Physical Synthesis | Checksum: 263ba0c4b

Time (s): cpu = 00:00:06 ; elapsed = 00:00:02 . Memory (MB): peak = 2894.105 ; gain = 39.043 ; free physical = 3974 ; free virtual = 9155

Phase 2.5.2 Physical Synthesis In Placer
INFO: [Physopt 32-1035] Found 0 LUTNM shape to break, 95 LUT instances to create LUTNM shape
INFO: [Physopt 32-1044] Break lutnm for timing: one critical 0, two critical 0, total 0, new lutff created 0
INFO: [Physopt 32-1138] End 1 Pass. Optimized 46 nets or LUTs. Breaked 0 LUT, combined 46 existing LUTs and moved 0 existing LUT
INFO: [Physopt 32-65] No nets found for high-fanout optimization.
INFO: [Physopt 32-232] Optimized 0 net. Created 0 new instance.
INFO: [Physopt 32-775] End 1 Pass. Optimized 0 net or cell. Created 0 new cell, deleted 0 existing cell and moved 0 existing cell
INFO: [Physopt 32-456] No candidate cells for DSP register optimization found in the design.
INFO: [Physopt 32-775] End 2 Pass. Optimized 0 net or cell. Created 0 new cell, deleted 0 existing cell and moved 0 existing cell
INFO: [Physopt 32-1123] No candidate cells found for Shift Register to Pipeline optimization
INFO: [Physopt 32-775] End 2 Pass. Optimized 0 net or cell. Created 0 new cell, deleted 0 existing cell and moved 0 existing cell
INFO: [Physopt 32-1401] No candidate cells found for Shift Register optimization.
INFO: [Physopt 32-677] No candidate cells for Shift Register optimization found in the design
INFO: [Physopt 32-775] End 1 Pass. Optimized 0 net or cell. Created 0 new cell, deleted 0 existing cell and moved 0 existing cell
INFO: [Physopt 32-526] No candidate cells for BRAM register optimization found in the design
INFO: [Physopt 32-775] End 1 Pass. Optimized 0 net or cell. Created 0 new cell, deleted 0 existing cell and moved 0 existing cell
INFO: [Physopt 32-846] No candidate cells for URAM register optimization found in the design
INFO: [Physopt 32-775] End 1 Pass. Optimized 0 net or cell. Created 0 new cell, deleted 0 existing cell and moved 0 existing cell
INFO: [Physopt 32-846] No candidate cells for URAM register optimization found in the design
INFO: [Physopt 32-775] End 1 Pass. Optimized 0 net or cell. Created 0 new cell, deleted 0 existing cell and moved 0 existing cell
INFO: [Physopt 32-949] No candidate nets found for dynamic/static region interface net replication
INFO: [Physopt 32-775] End 1 Pass. Optimized 0 net or cell. Created 0 new cell, deleted 0 existing cell and moved 0 existing cell
Netlist sorting complete. Time (s): cpu = 00:00:00 ; elapsed = 00:00:00 . Memory (MB): peak = 2894.105 ; gain = 0.000 ; free physical = 3974 ; free virtual = 9154

Summary of Physical Synthesis Optimizations
============================================


-----------------------------------------------------------------------------------------------------------------------------------------------------------
|  Optimization                                     |  Added Cells  |  Removed Cells  |  Optimized Cells/Nets  |  Dont Touch  |  Iterations  |  Elapsed   |
-----------------------------------------------------------------------------------------------------------------------------------------------------------
|  LUT Combining                                    |            0  |             46  |                    46  |           0  |           1  |  00:00:00  |
|  Retime                                           |            0  |              0  |                     0  |           0  |           1  |  00:00:00  |
|  Very High Fanout                                 |            0  |              0  |                     0  |           0  |           1  |  00:00:00  |
|  DSP Register                                     |            0  |              0  |                     0  |           0  |           1  |  00:00:00  |
|  Shift Register to Pipeline                       |            0  |              0  |                     0  |           0  |           1  |  00:00:00  |
|  Shift Register                                   |            0  |              0  |                     0  |           0  |           1  |  00:00:00  |
|  BRAM Register                                    |            0  |              0  |                     0  |           0  |           1  |  00:00:00  |
|  URAM Register                                    |            0  |              0  |                     0  |           0  |           1  |  00:00:00  |
|  Dynamic/Static Region Interface Net Replication  |            0  |              0  |                     0  |           0  |           1  |  00:00:00  |
|  Total                                            |            0  |             46  |                    46  |           0  |           9  |  00:00:00  |
-----------------------------------------------------------------------------------------------------------------------------------------------------------


Phase 2.5.2 Physical Synthesis In Placer | Checksum: 2be458c94

Time (s): cpu = 00:00:07 ; elapsed = 00:00:02 . Memory (MB): peak = 2894.105 ; gain = 39.043 ; free physical = 3973 ; free virtual = 9154
Phase 2.5 Global Place Phase2 | Checksum: 28cae34a1

Time (s): cpu = 00:00:07 ; elapsed = 00:00:02 . Memory (MB): peak = 2894.105 ; gain = 39.043 ; free physical = 3973 ; free virtual = 9154
Phase 2 Global Placement | Checksum: 28cae34a1

Time (s): cpu = 00:00:07 ; elapsed = 00:00:02 . Memory (MB): peak = 2894.105 ; gain = 39.043 ; free physical = 3973 ; free virtual = 9154

Phase 3 Detail Placement

Phase 3.1 Commit Multi Column Macros
Phase 3.1 Commit Multi Column Macros | Checksum: 21c3aae06

Time (s): cpu = 00:00:08 ; elapsed = 00:00:03 . Memory (MB): peak = 2894.105 ; gain = 39.043 ; free physical = 3973 ; free virtual = 9153

Phase 3.2 Commit Most Macros & LUTRAMs
Phase 3.2 Commit Most Macros & LUTRAMs | Checksum: 2996dd4cc

Time (s): cpu = 00:00:08 ; elapsed = 00:00:03 . Memory (MB): peak = 2894.105 ; gain = 39.043 ; free physical = 3973 ; free virtual = 9153

Phase 3.3 Area Swap Optimization
Phase 3.3 Area Swap Optimization | Checksum: 2d45534c3

Time (s): cpu = 00:00:08 ; elapsed = 00:00:03 . Memory (MB): peak = 2894.105 ; gain = 39.043 ; free physical = 3973 ; free virtual = 9153

Phase 3.4 Pipeline Register Optimization
Phase 3.4 Pipeline Register Optimization | Checksum: 33d01a3f3

Time (s): cpu = 00:00:08 ; elapsed = 00:00:03 . Memory (MB): peak = 2894.105 ; gain = 39.043 ; free physical = 3973 ; free virtual = 9153

Phase 3.5 Fast Optimization
Phase 3.5 Fast Optimization | Checksum: 2dfcafb5a

Time (s): cpu = 00:00:09 ; elapsed = 00:00:03 . Memory (MB): peak = 2894.105 ; gain = 39.043 ; free physical = 3973 ; free virtual = 9153

Phase 3.6 Small Shape Detail Placement

Phase 3.6.1 Place Remaining
Phase 3.6.1 Place Remaining | Checksum: 2311a8728

Time (s): cpu = 00:00:10 ; elapsed = 00:00:03 . Memory (MB): peak = 2894.105 ; gain = 39.043 ; free physical = 3973 ; free virtual = 9153
Phase 3.6 Small Shape Detail Placement | Checksum: 2311a8728

Time (s): cpu = 00:00:10 ; elapsed = 00:00:03 . Memory (MB): peak = 2894.105 ; gain = 39.043 ; free physical = 3973 ; free virtual = 9153

Phase 3.7 Re-assign LUT pins
Phase 3.7 Re-assign LUT pins | Checksum: 1fd9c0178

Time (s): cpu = 00:00:10 ; elapsed = 00:00:03 . Memory (MB): peak = 2894.105 ; gain = 39.043 ; free physical = 3973 ; free virtual = 9153

Phase 3.8 Pipeline Register Optimization
Phase 3.8 Pipeline Register Optimization | Checksum: 1ef047510

Time (s): cpu = 00:00:10 ; elapsed = 00:00:03 . Memory (MB): peak = 2894.105 ; gain = 39.043 ; free physical = 3973 ; free virtual = 9153

Phase 3.9 Fast Optimization
Phase 3.9 Fast Optimization | Checksum: 2bc4a47a2

Time (s): cpu = 00:00:10 ; elapsed = 00:00:04 . Memory (MB): peak = 2894.105 ; gain = 39.043 ; free physical = 3973 ; free virtual = 9153
Phase 3 Detail Placement | Checksum: 2bc4a47a2

Time (s): cpu = 00:00:10 ; elapsed = 00:00:04 . Memory (MB): peak = 2894.105 ; gain = 39.043 ; free physical = 3973 ; free virtual = 9153

Phase 4 Post Placement Optimization and Clean-Up

Phase 4.1 Post Commit Optimization
INFO: [Timing 38-35] Done setting XDC timing constraints.

Phase 4.1.1 Post Placement Optimization
Post Placement Optimization Initialization | Checksum: 285e84d0a

Phase 4.1.1.1 BUFG Insertion

Starting Physical Synthesis Task

Phase 1 Physical Synthesis Initialization
INFO: [Physopt 32-721] Multithreading enabled for phys_opt_design using a maximum of 8 CPUs
INFO: [Physopt 32-619] Estimated Timing Summary | WNS=-0.105 | TNS=-1.416 |
Phase 1 Physical Synthesis Initialization | Checksum: 14d8e4e6c

Time (s): cpu = 00:00:00.12 ; elapsed = 00:00:00.04 . Memory (MB): peak = 2894.105 ; gain = 0.000 ; free physical = 3973 ; free virtual = 9153
INFO: [Place 46-56] BUFG insertion identified 0 candidate nets. Inserted BUFG: 0, Replicated BUFG Driver: 0, Skipped due to Placement/Routing Conflicts: 0, Skipped due to Timing Degradation: 0, Skipped due to netlist editing failed: 0.
Ending Physical Synthesis Task | Checksum: 2ae653fa2

Time (s): cpu = 00:00:00.14 ; elapsed = 00:00:00.05 . Memory (MB): peak = 2894.105 ; gain = 0.000 ; free physical = 3973 ; free virtual = 9153
Phase 4.1.1.1 BUFG Insertion | Checksum: 285e84d0a

Time (s): cpu = 00:00:11 ; elapsed = 00:00:04 . Memory (MB): peak = 2894.105 ; gain = 39.043 ; free physical = 3973 ; free virtual = 9153

Phase 4.1.1.2 Post Placement Timing Optimization
INFO: [Place 30-746] Post Placement Timing Summary WNS=0.225. For the most accurate timing information please run report_timing.
Phase 4.1.1.2 Post Placement Timing Optimization | Checksum: 1d876a928

Time (s): cpu = 00:00:25 ; elapsed = 00:00:17 . Memory (MB): peak = 2894.105 ; gain = 39.043 ; free physical = 3986 ; free virtual = 9150

Time (s): cpu = 00:00:25 ; elapsed = 00:00:17 . Memory (MB): peak = 2894.105 ; gain = 39.043 ; free physical = 3986 ; free virtual = 9150
Phase 4.1 Post Commit Optimization | Checksum: 1d876a928

Time (s): cpu = 00:00:25 ; elapsed = 00:00:17 . Memory (MB): peak = 2894.105 ; gain = 39.043 ; free physical = 3986 ; free virtual = 9150

Phase 4.2 Post Placement Cleanup
Phase 4.2 Post Placement Cleanup | Checksum: 1d876a928

Time (s): cpu = 00:00:25 ; elapsed = 00:00:17 . Memory (MB): peak = 2894.105 ; gain = 39.043 ; free physical = 3955 ; free virtual = 9135

Phase 4.3 Placer Reporting

Phase 4.3.1 Print Estimated Congestion
INFO: [Place 30-612] Post-Placement Estimated Congestion 
 ____________________________________________________
|           | Global Congestion | Short Congestion  |
| Direction | Region Size       | Region Size       |
|___________|___________________|___________________|
|      North|                1x1|                1x1|
|___________|___________________|___________________|
|      South|                1x1|                1x1|
|___________|___________________|___________________|
|       East|                1x1|                1x1|
|___________|___________________|___________________|
|       West|                1x1|                1x1|
|___________|___________________|___________________|

Phase 4.3.1 Print Estimated Congestion | Checksum: 1d876a928

Time (s): cpu = 00:00:25 ; elapsed = 00:00:17 . Memory (MB): peak = 2894.105 ; gain = 39.043 ; free physical = 3955 ; free virtual = 9135
Phase 4.3 Placer Reporting | Checksum: 1d876a928

Time (s): cpu = 00:00:25 ; elapsed = 00:00:17 . Memory (MB): peak = 2894.105 ; gain = 39.043 ; free physical = 3955 ; free virtual = 9135

Phase 4.4 Final Placement Cleanup
Netlist sorting complete. Time (s): cpu = 00:00:00 ; elapsed = 00:00:00 . Memory (MB): peak = 2894.105 ; gain = 0.000 ; free physical = 3955 ; free virtual = 9135

Time (s): cpu = 00:00:25 ; elapsed = 00:00:17 . Memory (MB): peak = 2894.105 ; gain = 39.043 ; free physical = 3955 ; free virtual = 9135
Phase 4 Post Placement Optimization and Clean-Up | Checksum: 1b51d12dc

Time (s): cpu = 00:00:25 ; elapsed = 00:00:17 . Memory (MB): peak = 2894.105 ; gain = 39.043 ; free physical = 3955 ; free virtual = 9135
Ending Placer Task | Checksum: 1a14b9c08

Time (s): cpu = 00:00:25 ; elapsed = 00:00:17 . Memory (MB): peak = 2894.105 ; gain = 39.043 ; free physical = 3955 ; free virtual = 9135
39 Infos, 2 Warnings, 0 Critical Warnings and 0 Errors encountered.
place_design completed successfully
place_design: Time (s): cpu = 00:00:29 ; elapsed = 00:00:18 . Memory (MB): peak = 2894.105 ; gain = 39.043 ; free physical = 3955 ; free virtual = 9135
# phys_opt_design  -insert_negative_edge_ffs -placement_opt -dsp_register_opt -hold_fix
Command: phys_opt_design -insert_negative_edge_ffs -placement_opt -dsp_register_opt -hold_fix
Attempting to get a license for feature 'Implementation' and/or device 'xc7s50'
INFO: [Common 17-349] Got license for feature 'Implementation' and/or device 'xc7s50'

Starting Initial Update Timing Task

Time (s): cpu = 00:00:00.39 ; elapsed = 00:00:00.15 . Memory (MB): peak = 2894.105 ; gain = 0.000 ; free physical = 3956 ; free virtual = 9135
INFO: [Vivado_Tcl 4-1435] PhysOpt_Tcl_Interface Runtime Before Starting Physical Synthesis Task | CPU: 0.47s |  WALL: 0.16s
Netlist sorting complete. Time (s): cpu = 00:00:00 ; elapsed = 00:00:00 . Memory (MB): peak = 2894.105 ; gain = 0.000 ; free physical = 3956 ; free virtual = 9135

Starting Physical Synthesis Task

Phase 1 Physical Synthesis Initialization
INFO: [Physopt 32-721] Multithreading enabled for phys_opt_design using a maximum of 8 CPUs
INFO: [Physopt 32-619] Estimated Timing Summary | WNS=0.225 | TNS=0.000 |
Phase 1 Physical Synthesis Initialization | Checksum: 12fc954ff

Time (s): cpu = 00:00:00.53 ; elapsed = 00:00:00.17 . Memory (MB): peak = 2894.105 ; gain = 0.000 ; free physical = 3955 ; free virtual = 9135
INFO: [Physopt 32-619] Estimated Timing Summary | WNS=0.225 | TNS=0.000 |

Phase 2 Single Cell Placement Optimization
INFO: [Physopt 32-670] No setup violation found.  Single Cell Placement Optimization was not performed.
Phase 2 Single Cell Placement Optimization | Checksum: 12fc954ff

Time (s): cpu = 00:00:00.56 ; elapsed = 00:00:00.19 . Memory (MB): peak = 2894.105 ; gain = 0.000 ; free physical = 3955 ; free virtual = 9135

Phase 3 Multi Cell Placement Optimization
INFO: [Physopt 32-670] No setup violation found.  Multi Cell Placement Optimization was not performed.
Phase 3 Multi Cell Placement Optimization | Checksum: 12fc954ff

Time (s): cpu = 00:00:00.57 ; elapsed = 00:00:00.21 . Memory (MB): peak = 2894.105 ; gain = 0.000 ; free physical = 3955 ; free virtual = 9135

Phase 4 DSP Register Optimization
INFO: [Physopt 32-670] No setup violation found.  DSP Register Optimization was not performed.
Phase 4 DSP Register Optimization | Checksum: 12fc954ff

Time (s): cpu = 00:00:00.58 ; elapsed = 00:00:00.22 . Memory (MB): peak = 2894.105 ; gain = 0.000 ; free physical = 3955 ; free virtual = 9135

Phase 5 Hold Fix Optimization
INFO: [Physopt 32-668] Estimated Timing Summary | WNS=0.225 | TNS=0.000 | WHS=0.006 | THS=0.000 |
INFO: [Physopt 32-45] Identified 0 candidate net for hold slack optimization.
INFO: [Physopt 32-234] Optimized 0 nets. Inserted 0 new ZHOLD_DELAYs. Calibrated 0 existing ZHOLD_DELAYs. Inserted 0 buffers.

INFO: [Physopt 32-668] Estimated Timing Summary | WNS=0.225 | TNS=0.000 | WHS=0.006 | THS=0.000 |
Phase 5 Hold Fix Optimization | Checksum: 12fc954ff

Time (s): cpu = 00:00:00.93 ; elapsed = 00:00:00.31 . Memory (MB): peak = 2894.105 ; gain = 0.000 ; free physical = 3954 ; free virtual = 9135

Phase 6 Negative Edge Triggered FF Insertion
INFO: [Physopt 32-668] Estimated Timing Summary | WNS=0.225 | TNS=0.000 | WHS=0.006 | THS=0.000 |
INFO: [Physopt 32-66] No high hold slack nets found for hold slack optimization.
INFO: [Physopt 32-668] Estimated Timing Summary | WNS=0.225 | TNS=0.000 | WHS=0.006 | THS=0.000 |
Phase 6 Negative Edge Triggered FF Insertion | Checksum: 12fc954ff

Time (s): cpu = 00:00:01 ; elapsed = 00:00:00.34 . Memory (MB): peak = 2894.105 ; gain = 0.000 ; free physical = 3954 ; free virtual = 9135
Netlist sorting complete. Time (s): cpu = 00:00:00 ; elapsed = 00:00:00 . Memory (MB): peak = 2894.105 ; gain = 0.000 ; free physical = 3954 ; free virtual = 9135
INFO: [Physopt 32-669] Post Physical Optimization Timing Summary | WNS=0.225 | TNS=0.000 | WHS=0.006 | THS=0.000 |

Summary of Physical Synthesis Optimizations
============================================


----------------------------------------------------------------------------------------------------------------------------------------------------------------------
|  Optimization            |  WNS Gain (ns)  |  TNS Gain (ns)  |  Added Cells  |  Removed Cells  |  Optimized Cells/Nets  |  Dont Touch  |  Iterations  |  Elapsed   |
----------------------------------------------------------------------------------------------------------------------------------------------------------------------
|  Single Cell Placement   |          0.000  |          0.000  |            0  |              0  |                     0  |           0  |           0  |  00:00:00  |
|  Multi Cell Placement    |          0.000  |          0.000  |            0  |              0  |                     0  |           0  |           0  |  00:00:00  |
|  DSP Register            |          0.000  |          0.000  |            0  |              0  |                     0  |           0  |           0  |  00:00:00  |
|  Total                   |          0.000  |          0.000  |            0  |              0  |                     0  |           0  |           0  |  00:00:00  |
----------------------------------------------------------------------------------------------------------------------------------------------------------------------


Summary of Hold Fix Optimizations
=================================


-------------------------------------------------------------------------------------------------------------------------------------------------------------------------
|  Optimization                          |  WHS Gain (ns)  |  THS Gain (ns)  |  Added LUTs  |  Added FFs  |  Optimized Nets  |  Dont Touch  |  Iterations  |  Elapsed   |
-------------------------------------------------------------------------------------------------------------------------------------------------------------------------
|  LUT1 and ZHOLD Insertion              |          0.000  |          0.000  |           0  |          0  |               0  |           0  |           0  |  00:00:00  |
|  Negative Edge Triggered FF Insertion  |          0.000  |          0.000  |           0  |          0  |               0  |           0  |           0  |  00:00:00  |
|  Total                                 |          0.000  |          0.000  |           0  |          0  |               0  |           0  |           0  |  00:00:00  |
-------------------------------------------------------------------------------------------------------------------------------------------------------------------------


Netlist sorting complete. Time (s): cpu = 00:00:00 ; elapsed = 00:00:00 . Memory (MB): peak = 2894.105 ; gain = 0.000 ; free physical = 3954 ; free virtual = 9135
Ending Physical Synthesis Task | Checksum: 1a3b890e3

Time (s): cpu = 00:00:01 ; elapsed = 00:00:00.36 . Memory (MB): peak = 2894.105 ; gain = 0.000 ; free physical = 3954 ; free virtual = 9135
INFO: [Common 17-83] Releasing license: Implementation
17 Infos, 0 Warnings, 0 Critical Warnings and 0 Errors encountered.
phys_opt_design completed successfully
# route_design -tns_cleanup -directive AggressiveExplore 
Command: route_design -tns_cleanup -directive AggressiveExplore
Attempting to get a license for feature 'Implementation' and/or device 'xc7s50'
INFO: [Common 17-349] Got license for feature 'Implementation' and/or device 'xc7s50'


Starting Routing Task
INFO: [Route 35-270] Using Router directive 'AggressiveExplore'.
INFO: [Route 35-254] Multithreading enabled for route_design using a maximum of 8 CPUs

Phase 1 Build RT Design
Checksum: PlaceDB: 504fc422 ConstDB: 0 ShapeSum: 52b41687 RouteDB: aa913336
WARNING: [Constraints 18-8777] Unable to split tiles. All required files are not available.
Post Restoration Checksum: NetGraph: 24c69a24 | NumContArr: 8d420bc9 | Constraints: c2a8fa9d | Timing: c2a8fa9d
Phase 1 Build RT Design | Checksum: 2375a9b27

Time (s): cpu = 00:00:15 ; elapsed = 00:00:13 . Memory (MB): peak = 2894.105 ; gain = 0.000 ; free physical = 3979 ; free virtual = 9154

Phase 2 Router Initialization

Phase 2.1 Fix Topology Constraints
Phase 2.1 Fix Topology Constraints | Checksum: 2375a9b27

Time (s): cpu = 00:00:15 ; elapsed = 00:00:13 . Memory (MB): peak = 2894.105 ; gain = 0.000 ; free physical = 3979 ; free virtual = 9154

Phase 2.2 Pre Route Cleanup
Phase 2.2 Pre Route Cleanup | Checksum: 2375a9b27

Time (s): cpu = 00:00:15 ; elapsed = 00:00:13 . Memory (MB): peak = 2894.105 ; gain = 0.000 ; free physical = 3979 ; free virtual = 9154
 Number of Nodes with overlaps = 0

Phase 2.3 Update Timing
Phase 2.3 Update Timing | Checksum: 2114ba49e

Time (s): cpu = 00:00:16 ; elapsed = 00:00:13 . Memory (MB): peak = 2894.105 ; gain = 0.000 ; free physical = 3979 ; free virtual = 9154
INFO: [Route 35-416] Intermediate Timing Summary | WNS=0.271  | TNS=0.000  | WHS=-0.185 | THS=-53.010|


Router Utilization Summary
  Global Vertical Routing Utilization    = 0 %
  Global Horizontal Routing Utilization  = 0 %
  Routable Net Status*
  *Does not include unroutable nets such as driverless and loadless.
  Run report_route_status for detailed report.
  Number of Failed Nets               = 997
    (Failed Nets is the sum of unrouted and partially routed nets)
  Number of Unrouted Nets             = 997
  Number of Partially Routed Nets     = 0
  Number of Node Overlaps             = 0

Phase 2 Router Initialization | Checksum: 2332e1fd1

Time (s): cpu = 00:00:16 ; elapsed = 00:00:14 . Memory (MB): peak = 2894.105 ; gain = 0.000 ; free physical = 3980 ; free virtual = 9155

Phase 3 Global Routing
Phase 3 Global Routing | Checksum: 2332e1fd1

Time (s): cpu = 00:00:16 ; elapsed = 00:00:14 . Memory (MB): peak = 2894.105 ; gain = 0.000 ; free physical = 3980 ; free virtual = 9155

Phase 4 Initial Routing

Phase 4.1 Initial Net Routing Pass
Phase 4.1 Initial Net Routing Pass | Checksum: 27b6ef1ea

Time (s): cpu = 00:00:17 ; elapsed = 00:00:14 . Memory (MB): peak = 2894.105 ; gain = 0.000 ; free physical = 3981 ; free virtual = 9156
Phase 4 Initial Routing | Checksum: 27b6ef1ea

Time (s): cpu = 00:00:17 ; elapsed = 00:00:14 . Memory (MB): peak = 2894.105 ; gain = 0.000 ; free physical = 3981 ; free virtual = 9156

Phase 5 Rip-up And Reroute

Phase 5.1 Global Iteration 0
 Number of Nodes with overlaps = 87
 Number of Nodes with overlaps = 13
 Number of Nodes with overlaps = 1
 Number of Nodes with overlaps = 1
 Number of Nodes with overlaps = 0
INFO: [Route 35-416] Intermediate Timing Summary | WNS=0.035  | TNS=0.000  | WHS=N/A    | THS=N/A    |

Phase 5.1 Global Iteration 0 | Checksum: 12b1c74ca

Time (s): cpu = 00:00:18 ; elapsed = 00:00:14 . Memory (MB): peak = 2894.105 ; gain = 0.000 ; free physical = 3981 ; free virtual = 9156
Phase 5 Rip-up And Reroute | Checksum: 12b1c74ca

Time (s): cpu = 00:00:18 ; elapsed = 00:00:14 . Memory (MB): peak = 2894.105 ; gain = 0.000 ; free physical = 3981 ; free virtual = 9156

Phase 6 Delay and Skew Optimization

Phase 6.1 TNS Cleanup

Phase 6.1.1 Delay CleanUp
Phase 6.1.1 Delay CleanUp | Checksum: 12b1c74ca

Time (s): cpu = 00:00:18 ; elapsed = 00:00:14 . Memory (MB): peak = 2894.105 ; gain = 0.000 ; free physical = 3981 ; free virtual = 9156
Phase 6.1 TNS Cleanup | Checksum: 12b1c74ca

Time (s): cpu = 00:00:18 ; elapsed = 00:00:14 . Memory (MB): peak = 2894.105 ; gain = 0.000 ; free physical = 3981 ; free virtual = 9156

Phase 6.2 Clock Skew Optimization
Phase 6.2 Clock Skew Optimization | Checksum: 12b1c74ca

Time (s): cpu = 00:00:18 ; elapsed = 00:00:14 . Memory (MB): peak = 2894.105 ; gain = 0.000 ; free physical = 3981 ; free virtual = 9156
Phase 6 Delay and Skew Optimization | Checksum: 12b1c74ca

Time (s): cpu = 00:00:18 ; elapsed = 00:00:14 . Memory (MB): peak = 2894.105 ; gain = 0.000 ; free physical = 3981 ; free virtual = 9156

Phase 7 Post Hold Fix

Phase 7.1 Hold Fix Iter
INFO: [Route 35-416] Intermediate Timing Summary | WNS=0.079  | TNS=0.000  | WHS=0.072  | THS=0.000  |

Phase 7.1 Hold Fix Iter | Checksum: 11735111d

Time (s): cpu = 00:00:18 ; elapsed = 00:00:14 . Memory (MB): peak = 2894.105 ; gain = 0.000 ; free physical = 3981 ; free virtual = 9156
Phase 7 Post Hold Fix | Checksum: 11735111d

Time (s): cpu = 00:00:18 ; elapsed = 00:00:14 . Memory (MB): peak = 2894.105 ; gain = 0.000 ; free physical = 3981 ; free virtual = 9156

Phase 8 Route finalize

Router Utilization Summary
  Global Vertical Routing Utilization    = 0.347923 %
  Global Horizontal Routing Utilization  = 0.387949 %
  Routable Net Status*
  *Does not include unroutable nets such as driverless and loadless.
  Run report_route_status for detailed report.
  Number of Failed Nets               = 0
    (Failed Nets is the sum of unrouted and partially routed nets)
  Number of Unrouted Nets             = 0
  Number of Partially Routed Nets     = 0
  Number of Node Overlaps             = 0

Phase 8 Route finalize | Checksum: 11735111d

Time (s): cpu = 00:00:18 ; elapsed = 00:00:14 . Memory (MB): peak = 2894.105 ; gain = 0.000 ; free physical = 3981 ; free virtual = 9156

Phase 9 Verifying routed nets

 Verification completed successfully
Phase 9 Verifying routed nets | Checksum: 11735111d

Time (s): cpu = 00:00:18 ; elapsed = 00:00:14 . Memory (MB): peak = 2894.105 ; gain = 0.000 ; free physical = 3981 ; free virtual = 9156

Phase 10 Depositing Routes
Phase 10 Depositing Routes | Checksum: 1bba88a84

Time (s): cpu = 00:00:19 ; elapsed = 00:00:15 . Memory (MB): peak = 2894.105 ; gain = 0.000 ; free physical = 3981 ; free virtual = 9156
INFO: [Route 72-16] Aggressive Explore Summary
+======+=======+=====+=======+=====+========+==============+===================+
| Pass |  WNS  | TNS |  WHS  | THS | Status | Elapsed Time | Solution Selected |
+======+=======+=====+=======+=====+========+==============+===================+
|  1   | 0.079 |  -  | 0.072 |  -  |  Pass  |   00:00:01   |         x         |
|  2   |   -   |  -  |   -   |  -  |  Skip  |   00:00:00   |                   |
+------+-------+-----+-------+-----+--------+--------------+-------------------+


Phase 11 Post Process Routing
Phase 11 Post Process Routing | Checksum: 1bba88a84

Time (s): cpu = 00:00:19 ; elapsed = 00:00:15 . Memory (MB): peak = 2894.105 ; gain = 0.000 ; free physical = 3981 ; free virtual = 9156

Phase 12 Post Router Timing
INFO: [Route 35-20] Post Routing Timing Summary | WNS=0.102  | TNS=0.000  | WHS=0.072  | THS=0.000  |

Phase 12 Post Router Timing | Checksum: 1f7bea92d

Time (s): cpu = 00:00:19 ; elapsed = 00:00:15 . Memory (MB): peak = 2894.105 ; gain = 0.000 ; free physical = 3981 ; free virtual = 9156
INFO: [Route 35-61] The design met the timing requirement.
Total Elapsed time in route_design: 14.71 secs

Phase 13 Post-Route Event Processing
Phase 13 Post-Route Event Processing | Checksum: 16c182da3

Time (s): cpu = 00:00:19 ; elapsed = 00:00:15 . Memory (MB): peak = 2894.105 ; gain = 0.000 ; free physical = 3981 ; free virtual = 9156
INFO: [Route 35-16] Router Completed Successfully
Ending Routing Task | Checksum: 16c182da3

Time (s): cpu = 00:00:19 ; elapsed = 00:00:15 . Memory (MB): peak = 2894.105 ; gain = 0.000 ; free physical = 3981 ; free virtual = 9156

Routing Is Done.
INFO: [Common 17-83] Releasing license: Implementation
11 Infos, 1 Warnings, 0 Critical Warnings and 0 Errors encountered.
route_design completed successfully
route_design: Time (s): cpu = 00:00:19 ; elapsed = 00:00:15 . Memory (MB): peak = 2894.105 ; gain = 0.000 ; free physical = 3981 ; free virtual = 9156
# route_design -unroute
Command: route_design -unroute
Attempting to get a license for feature 'Implementation' and/or device 'xc7s50'
INFO: [Common 17-349] Got license for feature 'Implementation' and/or device 'xc7s50'
INFO: [Route 35-163] All nets in the design were unrouted.
INFO: [Common 17-83] Releasing license: Implementation
3 Infos, 0 Warnings, 0 Critical Warnings and 0 Errors encountered.
route_design completed successfully
# place_design  -post_place_opt
Command: place_design -post_place_opt
Attempting to get a license for feature 'Implementation' and/or device 'xc7s50'
INFO: [Common 17-349] Got license for feature 'Implementation' and/or device 'xc7s50'
INFO: [Common 17-83] Releasing license: Implementation
Running DRC as a precondition to command place_design
INFO: [DRC 23-27] Running DRC with 8 threads
WARNING: [DRC 23-814] Not all possible (connectivity based) DRCs may have been run because this design is seen as Out of Context.
INFO: [Vivado_Tcl 4-198] DRC finished with 0 Errors
INFO: [Vivado_Tcl 4-199] Please refer to the DRC report (report_drc) for more information.
INFO: [Place 30-611] Multithreading enabled for place_design using a maximum of 8 CPUs

Starting Placer Task
WARNING: [Place 46-564] Running 'place_design' with '-post_place_opt' option on fully routed DFX design is deprecated. This message will result in an ERROR for the future releases of Vivado. 
Resolution: Run 'phys_opt_design' instead.

Phase 1 Placer Initialization

Phase 1.1 Placer Initialization Netlist Sorting
Netlist sorting complete. Time (s): cpu = 00:00:00 ; elapsed = 00:00:00 . Memory (MB): peak = 2894.105 ; gain = 0.000 ; free physical = 3980 ; free virtual = 9155
Phase 1.1 Placer Initialization Netlist Sorting | Checksum: 1c2754a3e

Time (s): cpu = 00:00:00.01 ; elapsed = 00:00:00.01 . Memory (MB): peak = 2894.105 ; gain = 0.000 ; free physical = 3980 ; free virtual = 9155

Phase 1.2 Placer Initialization PCO Part 1

Phase 1.2.1 Build Super Logic Region (SLR) Database
Phase 1.2.1 Build Super Logic Region (SLR) Database | Checksum: 1c2754a3e

Time (s): cpu = 00:00:00.04 ; elapsed = 00:00:00.03 . Memory (MB): peak = 2894.105 ; gain = 0.000 ; free physical = 3980 ; free virtual = 9155

Phase 1.2.2 Add Constraints
Phase 1.2.2 Add Constraints | Checksum: 1c2754a3e

Time (s): cpu = 00:00:00.05 ; elapsed = 00:00:00.03 . Memory (MB): peak = 2894.105 ; gain = 0.000 ; free physical = 3980 ; free virtual = 9155

Phase 1.2.3 Add Constraints

Phase 1.2.3.1 Build CellView Core
Phase 1.2.3.1 Build CellView Core | Checksum: 1c2754a3e

Time (s): cpu = 00:00:00.06 ; elapsed = 00:00:00.03 . Memory (MB): peak = 2894.105 ; gain = 0.000 ; free physical = 3980 ; free virtual = 9155

Phase 1.2.3.2 Add User PBlocks
Phase 1.2.3.2 Add User PBlocks | Checksum: 1c2754a3e

Time (s): cpu = 00:00:00.07 ; elapsed = 00:00:00.04 . Memory (MB): peak = 2894.105 ; gain = 0.000 ; free physical = 3980 ; free virtual = 9155

Phase 1.2.3.3 Apply User PBlocks
Phase 1.2.3.3 Apply User PBlocks | Checksum: 1c2754a3e

Time (s): cpu = 00:00:00.08 ; elapsed = 00:00:00.04 . Memory (MB): peak = 2894.105 ; gain = 0.000 ; free physical = 3980 ; free virtual = 9155

Phase 1.2.3.4 Add terminal Constraints
Phase 1.2.3.4 Add terminal Constraints | Checksum: 1c2754a3e

Time (s): cpu = 00:00:00.09 ; elapsed = 00:00:00.04 . Memory (MB): peak = 2894.105 ; gain = 0.000 ; free physical = 3980 ; free virtual = 9155
Phase 1.2.3 Add Constraints | Checksum: 1c2754a3e

Time (s): cpu = 00:00:00.1 ; elapsed = 00:00:00.05 . Memory (MB): peak = 2894.105 ; gain = 0.000 ; free physical = 3980 ; free virtual = 9155

Phase 1.2.4 Implementation Feasibility check
Phase 1.2.4 Implementation Feasibility check | Checksum: 1b2409a45

Time (s): cpu = 00:00:00.34 ; elapsed = 00:00:00.15 . Memory (MB): peak = 2894.105 ; gain = 0.000 ; free physical = 3980 ; free virtual = 9155
Phase 1.2 Placer Initialization PCO Part 1 | Checksum: 1b2409a45

Time (s): cpu = 00:00:00.35 ; elapsed = 00:00:00.16 . Memory (MB): peak = 2894.105 ; gain = 0.000 ; free physical = 3980 ; free virtual = 9155

Phase 1.3 Placer Initialization PCO Part 2

Phase 1.3.1 Build Placer Netlist Model
Phase 1.3.1 Build Placer Netlist Model | Checksum: 2adeda33d

Time (s): cpu = 00:00:01 ; elapsed = 00:00:00.4 . Memory (MB): peak = 2894.105 ; gain = 0.000 ; free physical = 3980 ; free virtual = 9155

Phase 1.3.2 Constrain Clocks/Macros
Phase 1.3.2 Constrain Clocks/Macros | Checksum: 2adeda33d

Time (s): cpu = 00:00:01 ; elapsed = 00:00:00.41 . Memory (MB): peak = 2894.105 ; gain = 0.000 ; free physical = 3980 ; free virtual = 9155
Phase 1.3 Placer Initialization PCO Part 2 | Checksum: 2adeda33d

Time (s): cpu = 00:00:01 ; elapsed = 00:00:00.41 . Memory (MB): peak = 2894.105 ; gain = 0.000 ; free physical = 3980 ; free virtual = 9155
Phase 1 Placer Initialization | Checksum: 2adeda33d

Time (s): cpu = 00:00:01 ; elapsed = 00:00:00.42 . Memory (MB): peak = 2894.105 ; gain = 0.000 ; free physical = 3980 ; free virtual = 9155

Phase 2 Detail Placement

Phase 2.1 Commit Multi Column Macros
Phase 2.1 Commit Multi Column Macros | Checksum: 2adeda33d

Time (s): cpu = 00:00:01 ; elapsed = 00:00:00.43 . Memory (MB): peak = 2894.105 ; gain = 0.000 ; free physical = 3980 ; free virtual = 9155
Phase 2 Detail Placement | Checksum: 21b38e9b4

Time (s): cpu = 00:00:01 ; elapsed = 00:00:00.55 . Memory (MB): peak = 2894.105 ; gain = 0.000 ; free physical = 3980 ; free virtual = 9155

Phase 3 Post Placement Optimization and Clean-Up

Phase 3.1 Post Commit Optimization

Phase 3.1.1 Post Placement Optimization
Post Placement Optimization Initialization | Checksum: 21b38e9b4

Phase 3.1.1.1 BUFG Insertion

Starting Physical Synthesis Task

Phase 1 Physical Synthesis Initialization
INFO: [Physopt 32-721] Multithreading enabled for phys_opt_design using a maximum of 8 CPUs
INFO: [Physopt 32-619] Estimated Timing Summary | WNS=0.125 | TNS=0.000 |
Phase 1 Physical Synthesis Initialization | Checksum: 1019b3901

Time (s): cpu = 00:00:00.13 ; elapsed = 00:00:00.05 . Memory (MB): peak = 2894.105 ; gain = 0.000 ; free physical = 3980 ; free virtual = 9154
INFO: [Place 46-56] BUFG insertion identified 0 candidate nets. Inserted BUFG: 0, Replicated BUFG Driver: 0, Skipped due to Placement/Routing Conflicts: 0, Skipped due to Timing Degradation: 0, Skipped due to netlist editing failed: 0.
Ending Physical Synthesis Task | Checksum: 208641d49

Time (s): cpu = 00:00:00.14 ; elapsed = 00:00:00.05 . Memory (MB): peak = 2894.105 ; gain = 0.000 ; free physical = 3980 ; free virtual = 9155
Phase 3.1.1.1 BUFG Insertion | Checksum: 21b38e9b4

Time (s): cpu = 00:00:02 ; elapsed = 00:00:00.73 . Memory (MB): peak = 2894.105 ; gain = 0.000 ; free physical = 3980 ; free virtual = 9155

Phase 3.1.1.2 Post Placement Timing Optimization
INFO: [Place 30-746] Post Placement Timing Summary WNS=0.268. For the most accurate timing information please run report_timing.
Phase 3.1.1.2 Post Placement Timing Optimization | Checksum: 1db096f35

Time (s): cpu = 00:00:08 ; elapsed = 00:00:06 . Memory (MB): peak = 2894.105 ; gain = 0.000 ; free physical = 3965 ; free virtual = 9129

Time (s): cpu = 00:00:08 ; elapsed = 00:00:06 . Memory (MB): peak = 2894.105 ; gain = 0.000 ; free physical = 3965 ; free virtual = 9129
Phase 3.1 Post Commit Optimization | Checksum: 1db096f35

Time (s): cpu = 00:00:08 ; elapsed = 00:00:06 . Memory (MB): peak = 2894.105 ; gain = 0.000 ; free physical = 3965 ; free virtual = 9129

Phase 3.2 Post Placement Cleanup
Phase 3.2 Post Placement Cleanup | Checksum: 1db096f35

Time (s): cpu = 00:00:08 ; elapsed = 00:00:06 . Memory (MB): peak = 2894.105 ; gain = 0.000 ; free physical = 3957 ; free virtual = 9129

Phase 3.3 Placer Reporting

Phase 3.3.1 Print Estimated Congestion
INFO: [Place 30-612] Post-Placement Estimated Congestion 
 ____________________________________________________
|           | Global Congestion | Short Congestion  |
| Direction | Region Size       | Region Size       |
|___________|___________________|___________________|
|      North|                1x1|                1x1|
|___________|___________________|___________________|
|      South|                1x1|                1x1|
|___________|___________________|___________________|
|       East|                1x1|                1x1|
|___________|___________________|___________________|
|       West|                1x1|                1x1|
|___________|___________________|___________________|

Phase 3.3.1 Print Estimated Congestion | Checksum: 1db096f35

Time (s): cpu = 00:00:08 ; elapsed = 00:00:06 . Memory (MB): peak = 2894.105 ; gain = 0.000 ; free physical = 3957 ; free virtual = 9129
Phase 3.3 Placer Reporting | Checksum: 1db096f35

Time (s): cpu = 00:00:08 ; elapsed = 00:00:06 . Memory (MB): peak = 2894.105 ; gain = 0.000 ; free physical = 3957 ; free virtual = 9129

Phase 3.4 Final Placement Cleanup
Netlist sorting complete. Time (s): cpu = 00:00:00 ; elapsed = 00:00:00 . Memory (MB): peak = 2894.105 ; gain = 0.000 ; free physical = 3957 ; free virtual = 9129

Time (s): cpu = 00:00:08 ; elapsed = 00:00:06 . Memory (MB): peak = 2894.105 ; gain = 0.000 ; free physical = 3957 ; free virtual = 9129
Phase 3 Post Placement Optimization and Clean-Up | Checksum: 28e28dfb6

Time (s): cpu = 00:00:08 ; elapsed = 00:00:06 . Memory (MB): peak = 2894.105 ; gain = 0.000 ; free physical = 3957 ; free virtual = 9129
Ending Placer Task | Checksum: 1c9085b64

Time (s): cpu = 00:00:08 ; elapsed = 00:00:06 . Memory (MB): peak = 2894.105 ; gain = 0.000 ; free physical = 3957 ; free virtual = 9129
11 Infos, 2 Warnings, 0 Critical Warnings and 0 Errors encountered.
place_design completed successfully
place_design: Time (s): cpu = 00:00:18 ; elapsed = 00:00:08 . Memory (MB): peak = 2894.105 ; gain = 0.000 ; free physical = 3953 ; free virtual = 9128
# route_design -directive AggressiveExplore
Command: route_design -directive AggressiveExplore
Attempting to get a license for feature 'Implementation' and/or device 'xc7s50'
INFO: [Common 17-349] Got license for feature 'Implementation' and/or device 'xc7s50'


Starting Routing Task
INFO: [Route 35-270] Using Router directive 'AggressiveExplore'.
INFO: [Route 35-254] Multithreading enabled for route_design using a maximum of 8 CPUs

Phase 1 Build RT Design
Checksum: PlaceDB: 28d8511f ConstDB: 0 ShapeSum: f59ed70f RouteDB: aa913336
Post Restoration Checksum: NetGraph: 44dd0233 | NumContArr: 559e8763 | Constraints: c2a8fa9d | Timing: c2a8fa9d
Phase 1 Build RT Design | Checksum: 21fcd7ed0

Time (s): cpu = 00:00:15 ; elapsed = 00:00:13 . Memory (MB): peak = 2894.105 ; gain = 0.000 ; free physical = 3962 ; free virtual = 9126

Phase 2 Router Initialization

Phase 2.1 Fix Topology Constraints
Phase 2.1 Fix Topology Constraints | Checksum: 21fcd7ed0

Time (s): cpu = 00:00:15 ; elapsed = 00:00:13 . Memory (MB): peak = 2894.105 ; gain = 0.000 ; free physical = 3954 ; free virtual = 9126

Phase 2.2 Pre Route Cleanup
Phase 2.2 Pre Route Cleanup | Checksum: 21fcd7ed0

Time (s): cpu = 00:00:15 ; elapsed = 00:00:13 . Memory (MB): peak = 2894.105 ; gain = 0.000 ; free physical = 3954 ; free virtual = 9126
 Number of Nodes with overlaps = 0

Phase 2.3 Update Timing
Phase 2.3 Update Timing | Checksum: 2761826cc

Time (s): cpu = 00:00:16 ; elapsed = 00:00:14 . Memory (MB): peak = 2894.105 ; gain = 0.000 ; free physical = 3939 ; free virtual = 9119
INFO: [Route 35-416] Intermediate Timing Summary | WNS=0.271  | TNS=0.000  | WHS=-0.185 | THS=-53.682|


Router Utilization Summary
  Global Vertical Routing Utilization    = 0 %
  Global Horizontal Routing Utilization  = 0 %
  Routable Net Status*
  *Does not include unroutable nets such as driverless and loadless.
  Run report_route_status for detailed report.
  Number of Failed Nets               = 997
    (Failed Nets is the sum of unrouted and partially routed nets)
  Number of Unrouted Nets             = 997
  Number of Partially Routed Nets     = 0
  Number of Node Overlaps             = 0

Phase 2 Router Initialization | Checksum: 2f1940890

Time (s): cpu = 00:00:17 ; elapsed = 00:00:14 . Memory (MB): peak = 2894.105 ; gain = 0.000 ; free physical = 3939 ; free virtual = 9119

Phase 3 Global Routing
Phase 3 Global Routing | Checksum: 2f1940890

Time (s): cpu = 00:00:17 ; elapsed = 00:00:14 . Memory (MB): peak = 2894.105 ; gain = 0.000 ; free physical = 3939 ; free virtual = 9119

Phase 4 Initial Routing

Phase 4.1 Initial Net Routing Pass
Phase 4.1 Initial Net Routing Pass | Checksum: 1f5f3eb83

Time (s): cpu = 00:00:17 ; elapsed = 00:00:14 . Memory (MB): peak = 2894.105 ; gain = 0.000 ; free physical = 3939 ; free virtual = 9119
Phase 4 Initial Routing | Checksum: 1f5f3eb83

Time (s): cpu = 00:00:17 ; elapsed = 00:00:14 . Memory (MB): peak = 2894.105 ; gain = 0.000 ; free physical = 3939 ; free virtual = 9119

Phase 5 Rip-up And Reroute

Phase 5.1 Global Iteration 0
 Number of Nodes with overlaps = 92
 Number of Nodes with overlaps = 6
 Number of Nodes with overlaps = 0
INFO: [Route 35-416] Intermediate Timing Summary | WNS=-0.083 | TNS=-1.059 | WHS=N/A    | THS=N/A    |

Phase 5.1 Global Iteration 0 | Checksum: 27a90832e

Time (s): cpu = 00:00:18 ; elapsed = 00:00:14 . Memory (MB): peak = 2894.105 ; gain = 0.000 ; free physical = 3938 ; free virtual = 9119

Phase 5.2 Global Iteration 1
 Number of Nodes with overlaps = 9
 Number of Nodes with overlaps = 4
 Number of Nodes with overlaps = 2
 Number of Nodes with overlaps = 3
 Number of Nodes with overlaps = 0
INFO: [Route 35-416] Intermediate Timing Summary | WNS=-0.125 | TNS=-1.175 | WHS=N/A    | THS=N/A    |

Phase 5.2 Global Iteration 1 | Checksum: 1bfe89d90

Time (s): cpu = 00:00:19 ; elapsed = 00:00:15 . Memory (MB): peak = 2894.105 ; gain = 0.000 ; free physical = 3938 ; free virtual = 9119
Phase 5 Rip-up And Reroute | Checksum: 1bfe89d90

Time (s): cpu = 00:00:19 ; elapsed = 00:00:15 . Memory (MB): peak = 2894.105 ; gain = 0.000 ; free physical = 3938 ; free virtual = 9119

Phase 6 Delay and Skew Optimization

Phase 6.1 Delay CleanUp

Phase 6.1.1 Update Timing
Phase 6.1.1 Update Timing | Checksum: 27fa91d45

Time (s): cpu = 00:00:19 ; elapsed = 00:00:15 . Memory (MB): peak = 2894.105 ; gain = 0.000 ; free physical = 3938 ; free virtual = 9119
INFO: [Route 35-416] Intermediate Timing Summary | WNS=-0.016 | TNS=-0.255 | WHS=N/A    | THS=N/A    |

 Number of Nodes with overlaps = 0
Phase 6.1 Delay CleanUp | Checksum: 121a61141

Time (s): cpu = 00:00:19 ; elapsed = 00:00:15 . Memory (MB): peak = 2894.105 ; gain = 0.000 ; free physical = 3939 ; free virtual = 9119

Phase 6.2 Clock Skew Optimization
Phase 6.2 Clock Skew Optimization | Checksum: 121a61141

Time (s): cpu = 00:00:19 ; elapsed = 00:00:15 . Memory (MB): peak = 2894.105 ; gain = 0.000 ; free physical = 3939 ; free virtual = 9119
Phase 6 Delay and Skew Optimization | Checksum: 121a61141

Time (s): cpu = 00:00:19 ; elapsed = 00:00:15 . Memory (MB): peak = 2894.105 ; gain = 0.000 ; free physical = 3939 ; free virtual = 9119

Phase 7 Post Hold Fix

Phase 7.1 Hold Fix Iter
INFO: [Route 35-416] Intermediate Timing Summary | WNS=0.014  | TNS=0.000  | WHS=0.072  | THS=0.000  |

Phase 7.1 Hold Fix Iter | Checksum: 17973d20f

Time (s): cpu = 00:00:19 ; elapsed = 00:00:15 . Memory (MB): peak = 2894.105 ; gain = 0.000 ; free physical = 3939 ; free virtual = 9119
Phase 7 Post Hold Fix | Checksum: 17973d20f

Time (s): cpu = 00:00:19 ; elapsed = 00:00:15 . Memory (MB): peak = 2894.105 ; gain = 0.000 ; free physical = 3939 ; free virtual = 9119

Phase 8 Route finalize

Router Utilization Summary
  Global Vertical Routing Utilization    = 0.343299 %
  Global Horizontal Routing Utilization  = 0.386778 %
  Routable Net Status*
  *Does not include unroutable nets such as driverless and loadless.
  Run report_route_status for detailed report.
  Number of Failed Nets               = 0
    (Failed Nets is the sum of unrouted and partially routed nets)
  Number of Unrouted Nets             = 0
  Number of Partially Routed Nets     = 0
  Number of Node Overlaps             = 0

Phase 8 Route finalize | Checksum: 17973d20f

Time (s): cpu = 00:00:19 ; elapsed = 00:00:15 . Memory (MB): peak = 2894.105 ; gain = 0.000 ; free physical = 3939 ; free virtual = 9119

Phase 9 Verifying routed nets

 Verification completed successfully
Phase 9 Verifying routed nets | Checksum: 17973d20f

Time (s): cpu = 00:00:19 ; elapsed = 00:00:15 . Memory (MB): peak = 2894.105 ; gain = 0.000 ; free physical = 3939 ; free virtual = 9119

Phase 10 Depositing Routes
Phase 10 Depositing Routes | Checksum: 266e07791

Time (s): cpu = 00:00:20 ; elapsed = 00:00:15 . Memory (MB): peak = 2894.105 ; gain = 0.000 ; free physical = 3939 ; free virtual = 9119
INFO: [Route 72-16] Aggressive Explore Summary
+======+=======+=====+=======+=====+========+==============+===================+
| Pass |  WNS  | TNS |  WHS  | THS | Status | Elapsed Time | Solution Selected |
+======+=======+=====+=======+=====+========+==============+===================+
|  1   | 0.014 |  -  | 0.072 |  -  |  Pass  |   00:00:01   |         x         |
|  2   |   -   |  -  |   -   |  -  |  Skip  |   00:00:00   |                   |
+------+-------+-----+-------+-----+--------+--------------+-------------------+


Phase 11 Post Process Routing
Phase 11 Post Process Routing | Checksum: 266e07791

Time (s): cpu = 00:00:20 ; elapsed = 00:00:15 . Memory (MB): peak = 2894.105 ; gain = 0.000 ; free physical = 3939 ; free virtual = 9119

Phase 12 Post Router Timing
INFO: [Route 35-20] Post Routing Timing Summary | WNS=0.016  | TNS=0.000  | WHS=0.072  | THS=0.000  |

Phase 12 Post Router Timing | Checksum: 2655d93e2

Time (s): cpu = 00:00:20 ; elapsed = 00:00:15 . Memory (MB): peak = 2894.105 ; gain = 0.000 ; free physical = 3939 ; free virtual = 9119
INFO: [Route 35-61] The design met the timing requirement.
Total Elapsed time in route_design: 15.4 secs

Phase 13 Post-Route Event Processing
Phase 13 Post-Route Event Processing | Checksum: 1a9ec495a

Time (s): cpu = 00:00:20 ; elapsed = 00:00:15 . Memory (MB): peak = 2894.105 ; gain = 0.000 ; free physical = 3939 ; free virtual = 9119
INFO: [Route 35-16] Router Completed Successfully
Ending Routing Task | Checksum: 1a9ec495a

Time (s): cpu = 00:00:20 ; elapsed = 00:00:15 . Memory (MB): peak = 2894.105 ; gain = 0.000 ; free physical = 3939 ; free virtual = 9119

Routing Is Done.
INFO: [Common 17-83] Releasing license: Implementation
13 Infos, 0 Warnings, 0 Critical Warnings and 0 Errors encountered.
route_design completed successfully
route_design: Time (s): cpu = 00:00:20 ; elapsed = 00:00:15 . Memory (MB): peak = 2894.105 ; gain = 0.000 ; free physical = 3939 ; free virtual = 9119
# phys_opt_design -routing_opt -hold_fix
Command: phys_opt_design -routing_opt -hold_fix
Attempting to get a license for feature 'Implementation' and/or device 'xc7s50'
INFO: [Common 17-349] Got license for feature 'Implementation' and/or device 'xc7s50'
INFO: [Vivado_Tcl 4-241] Physical synthesis in post route mode 
WARNING: [Vivado_Tcl 4-1385] Design is not legally routed. Skipping post-route optimization
INFO: [Vivado_Tcl 4-1850] phys_opt_design is skipped because design is not fully routed, please run report_route_status to get more information.
INFO: [Common 17-83] Releasing license: Implementation
4 Infos, 1 Warnings, 0 Critical Warnings and 0 Errors encountered.
phys_opt_design completed successfully
# write_checkpoint -force final_checkpoint.dcp
INFO: [Timing 38-480] Writing timing data to binary archive.
Write ShapeDB Complete: Time (s): cpu = 00:00:00.01 ; elapsed = 00:00:00 . Memory (MB): peak = 2894.105 ; gain = 0.000 ; free physical = 3939 ; free virtual = 9119
Wrote PlaceDB: Time (s): cpu = 00:00:00.17 ; elapsed = 00:00:00.05 . Memory (MB): peak = 2894.105 ; gain = 0.000 ; free physical = 3939 ; free virtual = 9120
Wrote PulsedLatchDB: Time (s): cpu = 00:00:00 ; elapsed = 00:00:00 . Memory (MB): peak = 2894.105 ; gain = 0.000 ; free physical = 3939 ; free virtual = 9120
Writing XDEF routing.
Writing XDEF routing logical nets.
Writing XDEF routing special nets.
Wrote RouteStorage: Time (s): cpu = 00:00:00.07 ; elapsed = 00:00:00.03 . Memory (MB): peak = 2894.105 ; gain = 0.000 ; free physical = 3939 ; free virtual = 9120
Wrote Netlist Cache: Time (s): cpu = 00:00:00 ; elapsed = 00:00:00 . Memory (MB): peak = 2894.105 ; gain = 0.000 ; free physical = 3939 ; free virtual = 9120
Wrote Device Cache: Time (s): cpu = 00:00:00.02 ; elapsed = 00:00:00.02 . Memory (MB): peak = 2894.105 ; gain = 0.000 ; free physical = 3939 ; free virtual = 9121
Write Physdb Complete: Time (s): cpu = 00:00:00.27 ; elapsed = 00:00:00.11 . Memory (MB): peak = 2894.105 ; gain = 0.000 ; free physical = 3939 ; free virtual = 9121
INFO: [Common 17-1381] The checkpoint '/home/audrey/Documents/convolution/Map_inflation/hardware_impl/synth_place_route/final_checkpoint.dcp' has been generated.
# report_utilization -file  utilization.rpt
# report_timing_summary -file timing_summary.rpt
INFO: [Timing 38-91] UpdateTimingParams: Speed grade: -2, Delay Type: min_max.
INFO: [Timing 38-191] Multithreading enabled for timing update using a maximum of 8 CPUs
# read_saif -strip_path tb_top2/DUT ./../sim/work/myTop.saif
INFO: [Power 33-167] Parsing SAIF file ./../sim/work/myTop.saif
WARNING: [Power 33-334] Simulation is not consistent with clock constraints on net clk. Please check the clocks defined using create_clock command and simulation clock used to generate the SAIF and make sure they are same.
WARNING: [Power 33-330] Read_saif is trying to annotate activities on clock net and this will be ignored. Users shall manually specify clock net frequency using sdc timing constraints(e.g. create_clock)
INFO: [Power 33-177] SAIF annotation done from file ./../sim/work/myTop.saif
INFO: [Power 33-26] Design nets matched = 148 of 1451
# report_power -file power_utilization.rpt
Command: report_power -file power_utilization.rpt
10% of nets annotated
Doing probabilistic computation for the remaining nets

0 Infos, 0 Warnings, 0 Critical Warnings and 0 Errors encountered.
report_power completed successfully
# report_power_opt -file power_opt.rpt
INFO: [Pwropt 34-45] Reporting existing clock enables to power_opt.rpt.
# report_route_status -file route_status.rpt
# report_place_status -file place_status.rpt
INFO: [Common 17-206] Exiting Vivado at Wed Mar 11 20:18:11 2026...
